Org District,AC Name,Org Mandal,Local Body
Kollam West,Kollam,Thrikkadavoor,Thrikkaruva Gramapanchayath
Pathanamthitta,Thiruvalla,Thiruvalla,Thiruvalla
Kollam East,Pathanapuram,Kunnikkodu,Melila Gramapanchayath
Pathanamthitta,Konni,Chittar,Chittar Gramapanchayath
Kollam West,Eravipuram,Eravipuram,Mayyanad Grama Panchayat
Pathanamthitta,Aranmula,Aranmula,Eraviperoor
Kollam East,Chadayamangalam,Chithara,Ittiva Gramapanchayath
Kollam East,Pathanapuram,Pathanapuram,Piravanthur Gramapanchayat
Kollam East,Kunnathur,Sasthamcotta,Sasthamcotta Gramapanchayath
Kollam East,Pathanapuram,Kunnikkodu,Talavoor Gramapanchayat
Pathanamthitta,Thiruvalla,Mallappally,Kallooppara Gramapanchayath
Kollam East,Kunnathur,Sasthamcotta,East Kallada Gramapanchayat
Kollam West,Chavara,Chavara,Kollam
Kollam East,Kottarakkara,Kottarakkara,Ummannoor Gramapanchayath
Thiruvananthapuram South,Aruvikkara,Aruvikkara,Aruvikkara
Kollam West,Chathannoor,Paravur,Paravoor
Thiruvananthapuram South,Aruvikkara,Aryanadu,Vithura Gramapanchayath
Thiruvananthapuram South,Kattakkada,Kattakkada,Kattakada Gramapanchayath
Thiruvananthapuram South,Parasala,Parassala,Kunnathukal Gramapanchayat
Kollam West,Karunagappally,Karunagappally,Kulasekharapuram Grama Panchayat
Thiruvananthapuram North,Varkala,Varkala,Varkala
Thiruvananthapuram North,Attingal,Attingal,Attingal
Thiruvananthapuram North,Nedumangad,Nedumangad,Nedumangad
Thiruvananthapuram South,Neyyattinkara,Neyyattinkara,Neyyattinkara
Thiruvananthapuram North,Attingal,Attingal,Ottoor Grampachayat
Thiruvananthapuram North,Attingal,Attingal,Manampoor Gramapanchayat
Thiruvananthapuram North,Varkala,Navaikulam,Chemmaruthy Gramapanchayath
Thiruvananthapuram North,Varkala,Varkala,Elakamon
Thiruvananthapuram North,Varkala,Varkala,Edava
Thiruvananthapuram North,Attingal,Attingal,Cherunniyoor Grampanchayat
Thiruvananthapuram North,Varkala,Varkala,Vettoor Gramapanchayath
Thiruvananthapuram North,Chirayinkeezhu,Kadakkavoor,Kadakkavoor Gramapanchayath
Thiruvananthapuram North,Chirayinkeezhu,Kadakkavoor,Mudakkal Gramapanchayath
Thiruvananthapuram North,Chirayinkeezhu,Kadakkavoor,Kizhuvilam Gramapanchayat
Thiruvananthapuram North,Chirayinkeezhu,Chirayinkeezhu,Chirayinkeezhu Gramapanchayath
Thiruvananthapuram North,Attingal,Attingal,Vakkom Gramapanchayath
Idukki North,Thodupuzha,Vannappuram,Velliyamattom Gramapanchayat
Thiruvananthapuram North,Chirayinkeezhu,Kadakkavoor,Anjuthengu
Thiruvananthapuram North,Varkala,Navaikulam,Pallikkal (Thiruvananthapuram)
Thiruvananthapuram North,Varkala,Navaikulam,Madavoor Grampanchayat
Thiruvananthapuram North,Varkala,Navaikulam,Navaikulam Gramapanchayath
Idukki North,Devikulam,Devikulam,Chinnakkanal Grampanchayat
Thiruvananthapuram North,Attingal,Kilimanoor,Kilimanoor Grama Panchayath
Thiruvananthapuram North,Attingal,Kilimanoor,Pazhayakunnummel Gramapanchayath
Thiruvananthapuram North,Attingal,Kilimanoor,Nagaroor Grampanchayat
Idukki South,Peerumade,Peermade,Vandiperiyar Grampanchayat
Thiruvananthapuram North,Attingal,Kilimanoor,Karavaram Gramapanchayath
Thiruvananthapuram North,Attingal,Kilimanoor,Pulimath Gramapanchayath
Thiruvananthapuram North,Vamanapuram,Palode,Pangode Gramapanchayath
Thiruvananthapuram North,Vamanapuram,Vamanapuram,Kallara Grampanchayat
Thiruvananthapuram North,Vamanapuram,Palode,Peringamala Gramapanchayath
Thiruvananthapuram North,Vamanapuram,Palode,Nanniyode Gramapanchayath
Thiruvananthapuram North,Vamanapuram,Vamanapuram,Pullampara Gramapanchayath
Thiruvananthapuram North,Vamanapuram,Vamanapuram,Nellanad Gramapanchayath
Thiruvananthapuram North,Nedumangad,Pothencode,Manickal Gramapanchayath
Thiruvananthapuram North,Vamanapuram,Vamanapuram,Vamanapuram Gramapanchayath
Thiruvananthapuram North,Vamanapuram,Vamanapuram,Panavoor Gramapanchayat
Thiruvananthapuram North,Vamanapuram,Palode,Anad
Thiruvananthapuram North,Nedumangad,Pothencode,Vembayam Gramapanchayat
Thiruvananthapuram North,Nedumangad,Nedumangad,Karakulam Gramapanchayath
Thiruvananthapuram South,Aruvikkara,Aryanadu,Tholicode Gramapanchayath
Thiruvananthapuram South,Aruvikkara,Aryanadu,Uzhamalakkal
Thiruvananthapuram South,Aruvikkara,Aruvikkara,Kuttichal Grampanchayat
Thiruvananthapuram South,Aruvikkara,Aryanadu,Aryanad
Thiruvananthapuram South,Aruvikkara,Aruvikkara,Poovachal Gramapanchayath
Thiruvananthapuram South,Aruvikkara,Aruvikkara,Vellanad
Thiruvananthapuram North,Chirayinkeezhu,Chirayinkeezhu,Azhoor
Thiruvananthapuram North,Nedumangad,Pothencode,Pothencode Gramapanchayath
Thiruvananthapuram North,Chirayinkeezhu,Chirayinkeezhu,Mangalapuram Gramapanchayath
Palakkad West,Pattambi,Pattambi,Vallapuzha Gramapanchayat
Thiruvananthapuram North,Chirayinkeezhu,Chirayinkeezhu,Kadinamkulam
Thiruvananthapuram North,Nedumangad,Pothencode,Andoorkonam
Thiruvananthapuram South,Kovalam,Kovalam,Kalliyoor Gramapanchayath
Thiruvananthapuram South,Kattakkada,Malayinkeezhu,Vilavoorkkal Gramapanchayat
Thiruvananthapuram South,Kattakkada,Kattakkada,Vilappil Gramapanchayat
Thiruvananthapuram South,Kattakkada,Malayinkeezhu,Malayinkeezhu Grampanchayat
Thiruvananthapuram South,Kattakkada,Malayinkeezhu,Pallichal Gramapanchayat
Thiruvananthapuram South,Kovalam,Balaramapuram,Balaramapuram Gramapanchayath
Thiruvananthapuram South,Kattakkada,Kattakkada,Maranalloor Gramapanchayat
Thiruvananthapuram South,Kovalam,Kovalam,Venganoor Gramapanchayat
Thiruvananthapuram South,Kovalam,Balaramapuram,Kottukal Gramapanchayat
Idukki North,Thodupuzha,Thodupuzha,Purapuzha Gramapanchayath
Thiruvananthapuram South,Kovalam,Balaramapuram,Karumkulam Gramapanchayath
Thiruvananthapuram South,Kovalam,Balaramapuram,Kanjiramkulam Gramapanchayath
Thiruvananthapuram South,Neyyattinkara,Neyyattinkara,"Athiyannur, Thiruvananthapuram"
Thiruvananthapuram South,Parasala,Vellarada,Amboori
Thiruvananthapuram South,Parasala,Vellarada,Kallikkadu Gramapanchayath
Thiruvananthapuram South,Parasala,Vellarada,Ottasekaramangalam Gramapanchayath
Thiruvananthapuram South,Parasala,Vellarada,Aryancode
Thiruvananthapuram South,Parasala,Parassala,Perumkadavila Gramapanchayath
Thiruvananthapuram South,Parasala,Parassala,Kollayil Gramapanchayath
Idukki North,Devikulam,Devikulam,Kanthalloor Gramapanchayath
Thiruvananthapuram South,Parasala,Vellarada,Vellarada Gramapanchayath
Thiruvananthapuram South,Kovalam,Balaramapuram,Poovar Grampanchayat
Thiruvananthapuram South,Neyyattinkara,Neyyattinkara,Thirupuram Gramapanchayath
Thiruvananthapuram South,Neyyattinkara,Kulathoor,Chenkal Gramapanchayat
Thiruvananthapuram South,Neyyattinkara,Kulathoor,Kulathoor Grampanchayat
Thiruvananthapuram South,Neyyattinkara,Kulathoor,Karode Gramapanchayath
Thiruvananthapuram South,Parasala,Parassala,Parassala Gramapanchayath
Ernakulam East,Piravom,Piravom,Kalady Gramapanchayath
Kollam East,Kottarakkara,Kottarakkara,Kottarakara
Kollam West,Karunagappally,Karunagappally,Karunagappally
Kollam East,Punaloor,Punalur,Punalur
Kollam West,Chathannoor,Chathannoor,Chirakkara Gramapanchayath
Kollam West,Chathannoor,Chathannoor,Adichanalloor Gramapanchayat
Kannur South,Peravoor,Peravoor,Muzhakkunnu
Kollam West,Chathannoor,Chathannoor,Chathanoor Grampanchayat
Kollam West,Chathannoor,Paravoor,Kalluvaathukkal Grama Panchayath
Kollam West,Chathannoor,Paravoor,Poothakkulam Gramapanchayath
Kollam East,Chadayamangalam,Chithara,Kummil Gramapanchayath
Idukki South,Udumbanchola,Vandanmedu,Vandanmedu Gramapanchayat
Kollam East,Chadayamangalam,Chadayamangalam,Nilamel Gramapanchayat
Kollam East,Chadayamangalam,Chadayamangalam,Elamadu Grama Panchayat
Kollam East,Chadayamangalam,Kuravilangadu,Velinalloor Grama Panchayat
Kollam East,Chadayamangalam,Chadayamangalam,Chadayamangalam Gramapanchayath
Kollam East,Chadayamangalam,Chadayamangalam,Kadakkal Gramapanchayath
Kollam East,Chadayamangalam,Chithara,Chithara Gramapanchayath
Kollam West,Kundara,Mukhathala,Nedumbana Gramapanchayath
Kollam West,Kundara,Mukhathala,Kottamkara Grama Panchayat
Kollam West,Kundara,Mukhathala,Thrikkovilvattom Gramapanchayat
Kollam West,Kundara,Kundara,Elampalloor Grama Panchayat
Kollam West,Chavara,Chavara,Neendakara Gramapanchayat
Kollam West,Chavara,Panmana,Panmana Gramapanchayath
Kollam West,Chavara,Panmana,Thevalakkara Gramapanchayat
Kollam West,Chavara,Chavara,Chavara Gramapanchayath
Kollam West,Chavara,Panmana,Thekkumbhagam Gramapanchayath
Kollam East,Kunnathur,Sasthamcotta,Munroethuruth Grama Panchayat
Idukki South,Udumbanchola,Vandanmedu,Pampadumpara Gramapanchayath
Ernakulam North,Perumbavoor,Perumbavoor,Perumbavoor
Kollam West,Kundara,Kundara,Perayam Gramapanchayath
Kollam West,Kundara,Kundara,Kundara Gramapanchayath
Kollam West,Kundara,Kundara,Perinad Gramapanchayath
Kollam West,Kollam,Thrikkadavoor,Panayam Gramapanchayath
Palakkad West,Tarur,Vadakkenchery,Puthukode Gramapanchayath
Kollam East,Kottarakkara,Neduvathur,Neduvathoor Grama Panchayat
Kottayam West,Kaduthuruthy,Kaduthuruthy,Manjoor Gramapanchayath
Kollam East,Kottarakkara,Neduvathur,Ezhukone Gramapanchayath
Kollam East,Kottarakkara,Neduvathur,Kareepra Gramapanchayath
Kollam West,Chathannoor,Chathannoor,Pooyappally Grama Panchayath
Kollam East,Kottarakkara,Kottarakkara,Veliyam Gramapanchayath
Kollam East,Punaloor,Punalur,Aryankavu Gramapanchayat
Kollam East,Punaloor,Punalur,Thenmala Gramapanchayath
Ernakulam North,Kalamassery,Kalamassery,Eloor
Kollam East,Punaloor,Punalur,Karavaloor Gramapanchayath
Kollam East,Punaloor,Anchal,Edamulakkal Gramapanchayath
Kollam East,Punaloor,Anchal,Anchal Gramapanchayath
Kollam East,Chadayamangalam,Chithara,Alayaman Gramapanchayath
Kollam East,Punaloor,Anchal,Yeroor Gramapanchayath
Kollam East,Punaloor,Anchal,Kulathupuzha Gramapanchayath
Ernakulam City,Vypen,Cherayi,Pallippuram Gramapanchayath
Kollam East,Pathanapuram,Pathanapuram,Pathanapuram Gramapanchayath
Kannur South,Kuthuparamba,Kuthuparamba,Mokeri
Kollam East,Pathanapuram,Pathanapuram,Pattazhi Gramapanchayath
Kollam East,Pathanapuram,Pathanapuram,Pattazhi Vadakkekara Gramapanchayath
Kollam East,Pathanapuram,Kunnikkodu,Vilakkudy Grama Panchayat
Kollam East,Kunnathur,Kunnathur,Pavithreswaram Gramapanchayath
Kollam East,Kottarakkara,Neduvathur,Kulakkada Gramapanchayath
Kollam East,Kottarakkara,Kottarakkara,Mylom Gramapanchayath
Kollam East,Pathanapuram,Kunnikkodu,Vettikavala Gramapanchayath
Kollam East,Kunnathur,Sasthamcotta,Mynagappally Grama Panchayat
Kollam East,Kunnathur,Kunnathur,Sooranad North Grama Panchayat
Kollam East,Kunnathur,Kunnathur,Kunnathoor Gramapanchayat
Kollam East,Kunnathur,Kunnathur,Poruvazhi Gramapanchayath
Kollam East,Kunnathur,Kunnathur,Sooranad South Grama Panchayat
Kollam East,Kunnathur,Sasthamcotta,West Kallada Gramapanchayat
Kollam West,Karunagappally,Oachira,Thodiyoor Grama Panchayat
Kollam West,Karunagappally,Karunagappally,Alappad Grama Panchayat
Kollam West,Karunagappally,Karunagappally,Clappana Gramapanchayat
Kollam West,Karunagappally,Oachira,Thazhava Grama Panchayat
Kollam West,Karunagappally,Oachira,Oachira Gramapanchayath
Pathanamthitta,Adoor,Pandalam,Pandalam
Pathanamthitta,Aranmula,Pathanamthitta,Pathanamthitta
Pathanamthitta,Adoor,Adoor,Adoor
Pathanamthitta,Adoor,Pandalam,Pallikkal Grampanchayat
Pathanamthitta,Adoor,Pandalam,Kodumon Gramapanchayath
Pathanamthitta,Konni,Konni,Kalanjoor Gramapanchayath
Pathanamthitta,Adoor,Adoor,Kadapra Gramapanchayath
Pathanamthitta,Adoor,Adoor,Ezhamkulam Gramapanchayath
Pathanamthitta,Adoor,Adoor,Earathu Gramapanchayath
Pathanamthitta,Konni,Konni,Enadimangalam
Pathanamthitta,Aranmula,Pathanamthitta,Mezhuvely Gramapanchayath
Pathanamthitta,Aranmula,Aranmula,Aranmula
Pathanamthitta,Aranmula,Pathanamthitta,Kulanada Gramapanchayath
Pathanamthitta,Adoor,Pandalam,Thumpamon Grampanchayat
Pathanamthitta,Adoor,Pandalam,Panthalam Thekkekkara Grampanchayat
Pathanamthitta,Konni,Chittar,Malayalapuzha Gramapanchayath
Pathanamthitta,Konni,Chittar,Thannithodu Gramapanchayath
Pathanamthitta,Konni,Konni,Vallikkodu Gramapanchayath
Pathanamthitta,Konni,Chittar,Mylapra Gramapanchayath
Pathanamthitta,Konni,Konni,Pramadam Gramapanchayath
Pathanamthitta,Konni,Konni,Aruvappulam
Pathanamthitta,Konni,Konni,Konni
Pathanamthitta,Ranni,Ranni,Vechoochira Gramapanchayath
Pathanamthitta,Ranni,Ranni,Naranammuzhi Gramapanchayath
Pathanamthitta,Konni,Chittar,Seethathodu
Pathanamthitta,Ranni,Ranni,Vadasserikkara Gramapanchayath
Pathanamthitta,Ranni,Ranni,Ranni Perunadu Grama Panchayat
Pathanamthitta,Ranni,Ayiroor,Ranni Angadi Gramapanchayath
Pathanamthitta,Ranni,Ranni,Ranni Gramapanchayath
Pathanamthitta,Ranni,Ranni,Ranni Pazhavangadi Gramapanchayath
Pathanamthitta,Aranmula,Aranmula,Naranganam Gramapanchayath
Pathanamthitta,Aranmula,Aranmula,Mallappuzhassery Gramapanchayath
Pathanamthitta,Aranmula,Aranmula,Kozhanchery Gramapanchayath
Palakkad West,Pattambi,Pattambi,Ongallur Gramapanchayath
Pathanamthitta,Ranni,Ayiroor,Cherukole Gramapanchayath
Pathanamthitta,Aranmula,Pathanamthitta,Elanthoor
Pathanamthitta,Aranmula,Pathanamthitta,Chenneerkara Gramapanchayath
Alappuzha South,Haripad,Haripad,Haripad
Alappuzha North,Cherthala,Cherthala,Cherthala
Wayanad,Mananthavady,Panamaram,Thondernad
Alappuzha South,Chenganur,Chengannur,Chengannur
Alappuzha South,Mavelikkara,Mavelikkara,Mavelikkara
Alappuzha South,Kayamkulam,Kayamkulam,Kayamkulam
Alappuzha South,Haripad,Karthikappalli,Chingoli gram panchayat
Alappuzha South,Kayamkulam,Kayamkulam,Devikulangara Grama Panchayat
Alappuzha South,Kayamkulam,Chettikulangara,Krishnapuram Gram panchayat
Alappuzha South,Haripad,Karthikappalli,Arattupuzha
Alappuzha South,Haripad,Karthikappalli,Muthukulam gram panchayat
Alappuzha South,Haripad,Karthikappalli,Cheppad Grama Panchayat
Alappuzha South,Kayamkulam,Kayamkulam,Kandalloor
Alappuzha South,Kayamkulam,Kayamkulam,Pathiyoor gram panchayat
Alappuzha South,Mavelikkara,Charummoodu,Vallikkunnam grama panchayat
Alappuzha South,Mavelikkara,Mavelikkara,Thamarakkulam Grama Panchayath
Alappuzha South,Kayamkulam,Chettikulangara,Bharanikkavu Gram Panchayat
Alappuzha South,Mavelikkara,Charummoodu,Palamel gram panchayat
Alappuzha South,Mavelikkara,Mavelikkara,Nooranadu grama panchayat
Alappuzha South,Mavelikkara,Charummoodu,Chunakkara grama panchayat
Alappuzha South,Chenganur,Mannar,Mannar grama panchayat
Alappuzha South,Mavelikkara,Mavelikkara,Thazhakkara grama panchayat
Alappuzha South,Chenganur,Mannar,Chennithala Thripperumthura gram panchayat
Alappuzha South,Kayamkulam,Chettikulangara,Chettikulangara Grama Panchayat
Alappuzha South,Mavelikkara,Mavelikkara,Mavelikkara Thekkakkara Grama Panchayat
Alappuzha North,Kuttanad,Thakazhy,Veeyapuram Grama Panchayath
Alappuzha South,Haripad,Haripad,Cheruthana Grama Panchayath
Alappuzha South,Haripad,Haripad,Pallippadu panchayat
Alappuzha South,Haripad,Haripad,Karuvatta Grama Panchayath
Alappuzha South,Haripad,Haripad,Kumarapuram gram panchayat
Alappuzha South,Haripad,Karthikappalli,Trikkunnappuzha grama panchayath
Alappuzha South,Haripad,Karthikappalli,Karthikapally gram panchayat
Alappuzha South,Chenganur,Chengannur,Venmony
Alappuzha South,Chenganur,Chengannur,Mulakkuzha grama panchayat
Alappuzha South,Chenganur,Chengannur,Thiruvnavandoor Grama Panchayat
Alappuzha South,Chenganur,Chengannur,Pandanad grama panchayat
Alappuzha South,Chenganur,Mannar,Budhanoor Grama Panchayat
Alappuzha South,Chenganur,Mannar,Puliyoor panchayath
Alappuzha South,Chenganur,Chengannur,Ala
Alappuzha South,Chenganur,Mannar,Cheriyanadu panchayat
Alappuzha North,Kuttanad,Kuttanadu,Veliyanadu grama panchayat
Alappuzha North,Kuttanad,Kuttanadu,Ramankari Grama Panchayat
Alappuzha North,Kuttanad,Kuttanadu,Muttar Grama Panchayat
Alappuzha North,Kuttanad,Kuttanadu,Neelamperoor gram panchayat
Alappuzha North,Kuttanad,Kuttanadu,Pulinkunnu grama panchayat
Alappuzha North,Kuttanad,Kuttanadu,Kavalam gram panchayat
Alappuzha North,Kuttanad,Thakazhy,Nedumudi village panchayat
Alappuzha North,Kuttanad,Thakazhy,Thalavady Grama Panchayat
Pathanamthitta,Aranmula,Pathanamthitta,Omalloor Gramapanchayath
Alappuzha North,Kuttanad,Thakazhy,Champakulam Grama Panchayath
Alappuzha North,Kuttanad,Kuttanadu,Kainakari gram panchayat
Alappuzha North,Kuttanad,Thakazhy,Edathwa grama panchayat
Alappuzha North,Ambalappuzha,Ambalappuzha,Purakkad Grama Panchayat
Alappuzha North,Ambalappuzha,Mullakkal,Punnapra North grama panchayat
Idukki South,Udumbanchola,Vandanmedu,Karunapuram Gramapanchayath
Pathanamthitta,Thiruvalla,Mallappally,Puramattam Gramapanchayath
Alappuzha North,Ambalappuzha,Ambalappuzha,Ambalapuzha South
Alappuzha North,Cherthala,Muhamma,Muhamma gram panchayat
Alappuzha North,Alappuzha,Mararikkulam,Mararikulam South Grama Panchayat
Alappuzha North,Alappuzha,Mararikkulam,Mannancherry Grama Panchayat
Pathanamthitta,Ranni,Ayiroor,Ezhumattoor Gramapanchayath
Alappuzha North,Cherthala,Muhamma,Thanneermukkam grama panchayat
Alappuzha North,Cherthala,Cherthala,Kadakarappally Grama Panchayat
Palakkad East,Nenmara,Nenmara,Pudunagaram Gramapanchayath
Alappuzha North,Cherthala,Muhamma,Cherthala south Grama Panchayat
Alappuzha North,Cherthala,Muhamma,Kanjikuzhi grama panchayat
Alappuzha North,Cherthala,Cherthala,Vayalar Grama Panchayath
Alappuzha North,Cherthala,Cherthala,Pattanakkad Grama Panchayat
Pathanamthitta,Aranmula,Aranmula,Thottappuzhassery Gramapanchayath
Alappuzha North,Aroor,Aroor,Kodamthuruthu gram panchayat
Alappuzha North,Aroor,Aroor,Kuthiyathodu grama panchayat
Alappuzha North,Aroor,Aroor,Ezhupunna gram panchayat
Alappuzha North,Aroor,Aroor,Aroor
Alappuzha North,Aroor,Panavally,Thaikkattussery Grama Panchayath
Malappuram Central,Kondotty,Vazhakkad,Vazhayoor
Alappuzha North,Aroor,Panavally,Panavalli grama panchayat
Alappuzha North,Aroor,Panavally,Chennam Pallipuram grama panchayat
Alappuzha North,Aroor,Panavally,Arukutty
Kottayam East,Poonjar,Poonjar,Erattupetta
Alappuzha North,Aroor,Panavally,Perumbalam Grama Panchayat
Kottayam West,Pala,Pala,Pala
Kottayam West,Vaikom,Vaikom,Vaikom
Kottayam West,Kottayam,Kottayam,Kottayam
Kottayam East,Changanassery,Changanassery,Changanassery
Kottayam East,Puthuppally,Ayarkunnam,Ayarkunnam
Kottayam West,Kottayam,Panachikadu,Vijayapuram Gramapanchayath
Kottayam East,Puthuppally,Puthuppally,Puthuppally Gramapanchayath
Kottayam West,Kottayam,Panachikadu,Panachikadu Gramapanchayath
Kottayam East,Changanassery,Madappally,Kurichy Gramapanchayath
Kottayam East,Poonjar,Mundakkayam,Parathodu Gramapanchayath
Kottayam East,Poonjar,Mundakkayam,Koruthode Gramapanchayath
Kottayam East,Poonjar,Mundakkayam,Mundakayam Gramapanchayath
Kottayam East,Poonjar,Mundakkayam,Koottickal Gramapanchayath
Kottayam East,Kanjirappally,Kanjirappally,Kanjirappally Grampanchayath
Kottayam East,Poonjar,Mundakkayam,Erumely
Kottayam East,Kanjirappally,Kanjirappally,Manimala Gramapanchayath
Kottayam East,Kanjirappally,Vazhoor,Karukachal Gramapanchayath
Kottayam East,Kanjirappally,Vazhoor,Vazhoor Grampanchayat
Kottayam East,Kanjirappally,Kanjirappally,Vellavoor Gramapanchayat
Ernakulam North,Perumbavoor,Kuruppampady,Mudakkuzha Gramapanchayath
Kottayam East,Kanjirappally,Vazhoor,Kangazha Gramapanchayath
Kottayam East,Kanjirappally,Kanjirappally,Chirakkadavu Gramapanchayath
Kottayam East,Changanassery,Madappally,Vazhapally gram panchayat
Kottayam East,Puthuppally,Puthuppally,Vakathanam Gramapanchayath
Kottayam East,Changanassery,Changanassery,Thrikkodithanam Gramapanchayath
Kottayam East,Changanassery,Changanassery,Paippadu Gramapanchayath
Kottayam East,Changanassery,Madappally,Madappally Gramapanchayath
Kottayam East,Puthuppally,Puthuppally,Meenadom Gramapanchayath
Kottayam West,Kaduthuruthy,Kaduthuruthy,Kidangoor Gramapanchayath
Kottayam East,Puthuppally,Ayarkunnam,Manarcadu Gramapanchayath
Kottayam East,Kanjirappally,Vazhoor,Pallickathodu Gramapanchayath
Kottayam East,Puthuppally,Puthuppally,Pampady Gramapanchayath
Kottayam East,Puthuppally,Ayarkunnam,Kooroppada Gramapanchayath
Kottayam West,Pala,Bharananganam,Elikkulam Gramapanchayath
Kottayam East,Puthuppally,Ayarkunnam,Akalakkunnam
Kottayam East,Poonjar,Poonjar,Thidanadu Gramapanchayath
Kottayam West,Pala,Bharananganam,Thalappalam Gramapanchayath
Kottayam West,Pala,Bharananganam,Thalanadu Gramapanchayath
Kottayam East,Poonjar,Poonjar,Teekoy Gramapanchayath
Kottayam East,Poonjar,Poonjar,Poonjar Thekkekara Grama Panchayat
Kottayam East,Poonjar,Poonjar,Poonjar
Kottayam West,Pala,Bharananganam,Moonnilavu Gramapanchayath
Kottayam West,Pala,Bharananganam,Melukavu Gramapanchayath
Kottayam West,Pala,Pala,Mutholy Gramapanchayath
Kottayam West,Pala,Bharananganam,Meenachil gramapanchayath
Kottayam West,Pala,Pala,Kadanadu Gramapanchayath
Kottayam West,Pala,Pala,Kozhuvanal Gramapanchayath
Kottayam West,Pala,Pala,Karoor Grampanchayath
Kottayam West,Pala,Bharananganam,Bharananganam Gramapanchayath
Kannur South,Peravoor,Iritty,Iritty
Pathanamthitta,Aranmula,Aranmula,Koipram Gramapanchayath
Kottayam West,Kaduthuruthy,Kuravilangadu,Uzhavoor
Kottayam West,Kaduthuruthy,Kuravilangadu,Kuravilangadu Gramapanchayath
Wayanad,Kalpetta,Padinjarathara,Vengappally
Kottayam West,Kaduthuruthy,Kaduthuruthy,Kanakkary Gramapanchayath
Kottayam West,Kaduthuruthy,Kuravilangadu,Marangattupally Gramapanchayath
Kottayam West,Kaduthuruthy,Kaduthuruthy,Kadaplamattom Gramapanchayath
Kasaragod,Udma,Udma,Chemnad
Kottayam West,Ettumanoor,Ettumanoor,Athirampuzha
Kottayam West,Ettumanoor,Kumarakom,Arpookkara
Kottayam West,Ettumanoor,Kumarakom,Thiruvarppu Gramapanchayat
Kottayam West,Ettumanoor,Kumarakom,Kumarakom Gramapanchayath
Kottayam West,Ettumanoor,Ettumanoor,Neendoor Gramapanchayat
Kottayam West,Vaikom,Thalayolaparambu,Velloor Grama Panchayat
Kottayam West,Vaikom,Thalayolaparambu,Thalayolaparambu Gramapanchayath
Kottayam West,Kaduthuruthy,Kuravilangadu,Njeezhoor Gramapanchayat
Kottayam West,Kaduthuruthy,Kuravilangadu,Mulakkulam Gramapanchayath
Kottayam West,Vaikom,Vaikom,Kallara Grampanchayat
Kottayam West,Kaduthuruthy,Kaduthuruthy,Kaduthuruthy
Kottayam West,Vaikom,Thalayolaparambu,Udayanapuram
Kottayam West,Vaikom,Vaikom,Vechoor Grampanchayat
Palakkad East,Nenmara,Kollengode,Vadavannur gramapanchayat
Kottayam West,Vaikom,Thalayolaparambu,Maravanthuruthu Grama Panchayat
Kottayam West,Vaikom,Thalayolaparambu,Chempu Gramapanchayath
Alappuzha North,Kuttanad,Thakazhy,Thakazhy Grama Panchayat
Idukki South,Idukki,Kattappana,Kattappana
Idukki North,Thodupuzha,Thodupuzha,Thodupuzha
Pathanamthitta,Ranni,Ayiroor,Ayiroor
Idukki South,Peerumade,Elappara,Elappara Gramapanchayath
Idukki South,Peerumade,Peermade,Peermade Gramapanchayath
Idukki South,Peerumade,Elappara,Kokkayar Gramapanchayath
Idukki South,Peerumade,Peermade,Kumily
Idukki South,Peerumade,Elappara,Peruvanthanam Gramapanchayath
Palakkad East,Chittur,Kozhinjampara,Eruthampathy Gramapanchayath
Idukki North,Thodupuzha,Thodupuzha,Manakkad Gramapanchayath
Idukki North,Thodupuzha,Thodupuzha,Karimkunnam Gramapanchayath
Idukki North,Thodupuzha,Vannappuram,Edavetty Gramapanchayath
Idukki North,Thodupuzha,Thodupuzha,Muttam
Idukki North,Thodupuzha,Thodupuzha,Kumaramangalam Gramapanchayath
Idukki South,Peerumade,Peermade,Chakkupallam Gramapanchayath
Idukki South,Peerumade,Elappara,Ayyappankovil
Idukki South,Udumbanchola,Vandanmedu,Erattayar
Idukki South,Idukki,Kattappana,Kanchiyar Gramapanchayath
Kottayam West,Pala,Pala,Ramapuram Gramapanchayath
Idukki South,Peerumade,Elappara,Upputhara
Idukki South,Idukki,Kattappana,Mariyapuram Gramapanchayath
Idukki South,Idukki,Idukki,Vazhathope Gramapanchayath
Idukki South,Idukki,Kattappana,Kamakshy Gramapanchayath
Idukki South,Idukki,Idukki,Arakulam
Idukki South,Idukki,Idukki,Vathikudy Gramapanchayath
Idukki South,Idukki,Idukki,Kanjikkuzhy Gramapanchayath
Idukki South,Idukki,Idukki,Kudayathoor Grampanchayat
Idukki North,Thodupuzha,Vannappuram,Karimannoor Gramapanchayath
Kottayam West,Kaduthuruthy,Kuravilangadu,Veliyannoor Grampanchayath
Idukki North,Thodupuzha,Vannappuram,Alakode Gramapanchayat
Idukki North,Thodupuzha,Vannappuram,Kodikulam Gramapanchayath
Idukki North,Thodupuzha,Vannappuram,Udumbannoor
Idukki North,Thodupuzha,Vannappuram,Vannappuram Gramapanchayath
Idukki South,Udumbanchola,Udumbanchola,Rajakumary Gramapanchayat
Idukki South,Udumbanchola,Udumbanchola,Udumbanchola
Idukki South,Udumbanchola,Udumbanchola,Nedumkandom Gramapanchayath
Idukki South,Udumbanchola,Udumbanchola,Rajakkad Gramapanchayath
Palakkad West,Shornur,Cherpulassery,Thrikkadeeri Grampanchayat
Idukki South,Udumbanchola,Udumbanchola,Senapathy Gramapanchayath
Palakkad East,Alathur,Vandazhi,Vandazhy Gramapanchayath
Idukki North,Devikulam,Devikulam,Edamalakkudy Grama Panchayat
Idukki North,Devikulam,Devikulam,Devikulam Gramapanchayath
Idukki North,Devikulam,Adimali,Mankulam Gramapanchayath
Kottayam East,Kanjirappally,Vazhoor,Nedumkunnam Grampanchayath
Idukki South,Udumbanchola,Udumbanchola,Santhanpara Gramapanchayat
Idukki North,Devikulam,Devikulam,Vattavada Gramapanchayath
Pathanamthitta,Thiruvalla,Thiruvalla,Peringara Gramapanchayath
Idukki North,Devikulam,Devikulam,Munnar
Idukki North,Devikulam,Devikulam,Marayoor Gramapanchayat
Idukki North,Devikulam,Adimali,Pallivasal Gramapanchayat
Idukki North,Devikulam,Adimali,Vellathooval
Idukki North,Devikulam,Adimali,Baisonvalley Gramapanchayat
Idukki South,Idukki,Idukki,Konnathady Gramapanchayath
Idukki North,Devikulam,Adimali,Adimali
Ernakulam East,Piravom,Piravom,Koothattukulam
Ernakulam East,Piravom,Piravom,Piravom
Ernakulam City,Thripunithura,Palluruthy,Maradu
Ernakulam City,Thrikkakara,Thrikkakara,Thrikkakara
Palakkad West,Tarur,Tharur,Kottayi Gramapanchayath
Ernakulam North,Angamaly,Angamaly,Angamaly
Palakkad West,Shornur,Shornur,Chalavara Gramapanchayath
Ernakulam North,Kalamassery,Kalamassery,Kalamassery
Ernakulam North,Aluva,Aluva,Aluva
Kottayam West,Ettumanoor,Ettumanoor,Ettumanoor
Ernakulam East,Kothamangalam,Kothamangalam,Kothamangalam
Ernakulam East,Muvattupuzha,Muvattupuzha,Muvattupuzha
Ernakulam City,Thripunithura,Thrippunithura,Thrippunithura
Ernakulam East,Muvattupuzha,Muvattupuzha,Valakom Gramapanchayath
Ernakulam East,Muvattupuzha,Muvattupuzha,Marady Gramapanchayath
Ernakulam East,Muvattupuzha,Vazhakkulam,Manjalloor Gramapanchayath
Ernakulam East,Muvattupuzha,Vazhakkulam,Ayavana
Ernakulam East,Muvattupuzha,Vazhakkulam,Kalloorkaad Gramapanchayath
Ernakulam East,Muvattupuzha,Muvattupuzha,Paipra Gramapanchayath
Ernakulam East,Muvattupuzha,Muvattupuzha,Arakkuzha
Ernakulam East,Muvattupuzha,Vazhakkulam,Avoly
Ernakulam North,Paravur,Vadakkekara,Puthenvelikkara Gramapanchayath
Ernakulam North,Aluva,Nedumbassery,Sreemoolanagaram
Ernakulam North,Kalamassery,Karumalloor,Kunnukara Gramapanchayath
Ernakulam North,Angamaly,Angamaly,Parakkadavu Gramapanchayath
Ernakulam North,Aluva,Nedumbassery,Nedumbassery Gramapanchayath
Ernakulam North,Aluva,Nedumbassery,Chengamanadu Gramapanchayath
Palakkad West,Thrithala,Thrithala,Thirumittacode Gramapanchayath
Ernakulam East,Piravom,Piravom,Pampakuda Gramapanchayath
Ernakulam East,Muvattupuzha,Muvattupuzha,Palakuzha Gramapanchayath
Ernakulam East,Piravom,Piravom,Thirumaradi Gramapanchayath
Ernakulam East,Piravom,Piravom,Elanji
Ernakulam East,Kothamangalam,Kothamangalam,Kottappady Grama Panchayath
Ernakulam East,Kothamangalam,Kavalangad,Kuttampuzha Gramapanchayath
Ernakulam East,Kothamangalam,Kavalangad,Pallarimangalam Gramapanchayath
Ernakulam East,Muvattupuzha,Vazhakkulam,Pothanikkad Gramapanchayath
Ernakulam East,Kothamangalam,Kavalangad,Keerampaara Gramapanchayath
Ernakulam East,Kothamangalam,Kavalangad,Varapetty Gramapanchayath
Ernakulam East,Kothamangalam,Kavalangad,Kavalangad Gramapanchayath
Ernakulam East,Kothamangalam,Kothamangalam,Pindimana Gramapanchayath
Ernakulam East,Kothamangalam,Kothamangalam,Nellikuzhy Gramapanchayath
Ernakulam East,Muvattupuzha,Vazhakkulam,Paingottoor Gramapanchayath
Ernakulam East,Kunnathunad,Kunnathunadu,Kunnathunad Gramapanchayath
Ernakulam East,Kunnathunad,Kolenchery,Aikkaranadu Gramapanchayath
Ernakulam East,Kunnathunad,Kunnathunadu,Mazhuvanoor Gramapanchayath
Ernakulam East,Kunnathunad,Kolenchery,Vadavukode-Puthencruz Gramapanachayath
Ernakulam East,Kunnathunad,Kolenchery,Thiruvaniyoor Gramapanchayath
Ernakulam East,Kunnathunad,Kolenchery,Poothrika Gramapanchayath
Ernakulam East,Piravom,Chottanikara,Maneedu Gramapanchayath
Ernakulam East,Piravom,Chottanikara,Amballur
Ernakulam East,Piravom,Chottanikara,Edakkattuvayal
Ernakulam East,Piravom,Chottanikara,Chottanikara Gramapanchayath
Ernakulam East,Piravom,Chottanikara,Mulamthuruthy Gramapanchayath
Ernakulam City,Thripunithura,Thrippunithura,Udayamperoor
Ernakulam City,Thripunithura,Palluruthy,kumbalangi palam
Ernakulam City,Kochi,Kochi,Kumbalam Gramapanchayath
Ernakulam City,Kochi,Kochi,Chellanam Gramapanchayath
Ernakulam City,Vypen,Cherayi,Kuzhuppilly Gramapanchayath
Alappuzha North,Alappuzha,Alappuzha,Alappuzha
Ernakulam City,Vypen,Cherayi,Edavanakad
Ernakulam City,Vypen,Cherayi,Nayarambalam Gramapanchayath
Ernakulam City,Vypen,Vypin,Njarackal Gramapanchayath
Ernakulam City,Vypen,Vypin,Elamkunnapuzha Gramapanchayath
Ernakulam City,Vypen,Vypin,Mulavukadu Gramapanchayath
Ernakulam City,Eranakulam,Ernakulam North,Cherannalloor Gramapanchayat
Ernakulam City,Vypen,Vypin,Edamalakkudi
Ernakulam North,Aluva,Aluva,Keezhmadu Gramapanchayath
Ernakulam North,Aluva,Aluva,Edathala
Ernakulam North,Aluva,Aluva,Choornikkara Gramapanchayath
Ernakulam East,Kunnathunad,Kunnathunadu,Kizhakkambalam Gramapanchayath
Ernakulam East,Kunnathunad,Kunnathunadu,Vazhakkulam Gramapanchayath
Ernakulam North,Perumbavoor,Perumbavoor,Vengola
Ernakulam North,Perumbavoor,Perumbavoor,Okkal Gramapanchayath
Ernakulam North,Perumbavoor,Perumbavoor,Koovappady Gramapanchayath
Ernakulam North,Perumbavoor,Kuruppampady,Rayamangalam Gramapanchayath
Ernakulam North,Perumbavoor,Kuruppampady,Vengoor Gramapanchayath
Ernakulam North,Paravur,Paravoor,North Paravur
Ernakulam North,Perumbavoor,Kuruppampady,Asamannur
Ernakulam North,Angamaly,Kalady,Malayattoor-Neeleswaram Gramapanchayath
Ernakulam North,Angamaly,Kalady,Kalady
Ernakulam North,Aluva,Nedumbassery,Kanjoor Gramapanchayath
Ernakulam North,Angamaly,Kalady,Ayyampuzha
Ernakulam North,Angamaly,Angamaly,Karukutty Gramapanchayath
Ernakulam North,Angamaly,Kalady,Manjapra Gramapanchayath
Ernakulam North,Angamaly,Aroor,Thuravoor Gramapanchayat
Ernakulam North,Angamaly,Angamaly,Mookkannoor Gramapanchayath
Ernakulam North,Kalamassery,Kalamassery,Kadungalloor
Ernakulam North,Kalamassery,Karumalloor,Alangad Gramapanchayath
Ernakulam North,Paravur,Paravur,Varapuzha Gramapanchayath
Ernakulam North,Kalamassery,Karumalloor,Karumalloor Gramapanchayath
Ernakulam North,Paravur,Vadakkekara,Chittattukara Gramapanchayath
Ernakulam North,Paravur,Vadakkekara,Vadakkekkara Gramapanchayath
Ernakulam North,Paravur,Paravur,Ezhikkara
Ernakulam North,Paravur,Paravur,Kottuvally Gramapanchayath
Ernakulam North,Paravur,Vadakkekara,Chendamangalam Gramapanchayath
Ernakulam City,Kochi,Mattancherry,Kochi
Thrissur North,Wadakkanchery,Wadakkanchery,Wadakanchery
Thrissur North,Kunnamkulam,Kunnamkulam,Kunnamkulam
Thrissur North,Guruvayoor,Guruvayoor,Guruvayoor
Thrissur North,Guruvayoor,Chavakkad,Chavakkad
Thrissur South,Kodungallur,Kodungallur,Kodungallur
Thrissur South,Irinjalakuda,Irinjalakuda,Irinjalakuda
Thrissur South,Chalakudy,Chalakudy,Chalakudy
Thrissur South,Chalakudy,Koratty,Athirappilly
Thrissur South,Chalakudy,Koratty,Pariyaram (Thrissur)
Thrissur South,Chalakudy,Koratty,Meloor
Thrissur South,Chalakudy,Koratty,Koratty
Thrissur South,Chalakudy,Chalakudy,Kodassery
Thrissur South,Chalakudy,Koratty,Kadukutty
Thrissur South,Kodungallur,Mala,Poyya
Thrissur South,Kodungallur,Mala,Mala
Thrissur South,Kodungallur,Mala,Kuzhur
Thrissur South,Kodungallur,Mala,Annamanada
Thrissur South,Irinjalakuda,Aloor,Aloor
Thrissur South,Irinjalakuda,Aloor,Velookkara
Thrissur South,Kodungallur,Kodungallur,Vellangalur
Thrissur South,Kodungallur,Kodungallur,Puthenchira
Thrissur South,Irinjalakuda,Aloor,Poomangalam
Thrissur South,Irinjalakuda,Irinjalakuda,Padiyoor
Thrissur City,Puthukkad,Puthukkad,Parappookkara
Thrissur South,Irinjalakuda,Aloor,Muriyad
Thrissur South,Irinjalakuda,Irinjalakuda,Kattoor
Thrissur South,Irinjalakuda,Irinjalakuda,Karalam
Thrissur City,Puthukkad,Amballur,Varantharappilly
Thrissur City,Puthukkad,Amballur,Thrikkur
Thrissur City,Puthukkad,Puthukkad,Pudukkad
Thrissur City,Puthukkad,Amballur,Nenmanikkara
Thrissur City,Puthukkad,Puthukkad,Mattathur
Thrissur South,Chalakudy,Chalakudy,Kodakara
Thrissur City,Puthukkad,Amballur,Alagappanagar
Thrissur City,Puthukkad,Puthukkad,Vallachira
Thrissur City,Nattika,Cherpu,Paralam
Thrissur City,Nattika,Cherpu,Cherpu
Thrissur City,Nattika,Cherpu,Avinissery
Thrissur City,Manalur,Manalur,Arimbur
Thrissur City,Manalur,Manalur,Manalur
Thrissur City,Nattika,Cherpu,Chazhur
Thrissur City,Nattika,Cherpu,Thanniam
Thrissur City,Nattika,Nattika,Anthikkad
Thrissur South,Kaipamangalam,Edavilangu,Eriyad
Thrissur South,Kaipamangalam,Edavilangu,Edavilangu
Thrissur South,Kaipamangalam,Edavilangu,Sree Narayanapuram
Thrissur South,Kaipamangalam,Kaipamangalam,Perinjanam
Thrissur South,Kaipamangalam,Kaipamangalam,Mathilakam
Thrissur South,Kaipamangalam,Kaipamangalam,Kaipamangalam
Thrissur South,Kaipamangalam,Kaipamangalam,Edathiruthy
Thrissur City,Nattika,Nattika,Valappad
Thrissur City,Nattika,Nattika,Nattika
Thrissur City,Nattika,Nattika,Thalikulam
Thrissur City,Manalur,Manalur,Vadanappilly
Thrissur North,Guruvayoor,Chavakkad,Engandiyoor
Thrissur City,Manalur,Manalur,Venkitangu
Thrissur City,Manalur,Pavaratty,Pavaratty
Thrissur City,Manalur,Manalur,Mullassery
Thrissur City,Manalur,Manalur,Elavally
Thrissur North,Wadakkanchery,Kaipparambu,Kolazhy
Thrissur North,Wadakkanchery,Kaipparambu,Tholur
Thrissur North,Wadakkanchery,Wadakkanchery,Mulamkunnathukavu
Thrissur North,Wadakkanchery,Kaipparambu,Kaiparambu
Thrissur North,Wadakkanchery,Wadakkanchery,Avanur
Thrissur North,Wadakkanchery,Kaipparambu,Adat
Thrissur City,Ollur,Peechi,Puthur
Thrissur City,Ollur,Peechi,Pananchery
Thrissur City,Ollur,Ollur,Nadathara
Thrissur City,Ollur,Peechi,Madakkathara
Thrissur North,Chelakkara,Chelakkara,Thiruvilwamala
Thrissur North,Chelakkara,Chelakkara,Pazhayannur
Thrissur North,Chelakkara,Cheruthuruthy,Panjal
Thrissur North,Chelakkara,Chelakkara,Kondazhy
Thrissur North,Chelakkara,Cheruthuruthy,Vallathole Nagar
Thrissur North,Chelakkara,Chelakkara,Chelakkara
Thrissur North,Chelakkara,Cheruthuruthy,Varavoor
Thrissur North,Wadakkanchery,Wadakkanchery,Thekkumkara
Thrissur North,Chelakkara,Cheruthuruthy,Mullurkkara
Thrissur North,Kunnamkulam,Erumapetty,Erumapetty
Thrissur North,Chelakkara,Cheruthuruthy,Desamangalam
Thrissur North,Kunnamkulam,Erumapetty,Velur
Thrissur North,Kunnamkulam,Erumapetty,Kadangode
Thrissur North,Kunnamkulam,Kunnamkulam,Porkulam
Thrissur North,Kunnamkulam,Kunnamkulam,Kattakampal
Thrissur City,Manalur,Pavaratty,Kandanassery
Thrissur North,Kunnamkulam,Erumapetty,Kadavalloor
Thrissur North,Kunnamkulam,Kunnamkulam,Chowannur
Thrissur City,Manalur,Pavaratty,Choondal
Thrissur North,Guruvayoor,Guruvayoor,Vadakkekkad
Thrissur North,Guruvayoor,Guruvayoor,Punnayoorkulam
Thrissur North,Guruvayoor,Guruvayoor,Punnayoor
Thrissur North,Guruvayoor,Chavakkad,Orumanayoor
Thrissur North,Guruvayoor,Chavakkad,Kadappuram
Thrissur City,Thrissur,Thrissur west,Thrissur
Palakkad West,Mannarkad,Mannarkkad,Mannarkad
Palakkad West,Shornur,Cherpulassery,Cherpulassery
Palakkad West,Pattambi,Pattambi,Pattambi
Palakkad East,Chittur,Chittoor,ChitturThathamangalam
Palakkad East,Palakkad,Palakkad,Palakkad
Palakkad West,Ottapalam,Ottapalam,Ottappalam
Palakkad West,Shornur,Shornur,Shoranur
Palakkad West,Tarur,Vadakkenchery,Kannambra Gramapanchayath
Palakkad West,Tarur,Vadakkenchery,Vadakkenchery Gramapanchayath
Palakkad West,Tarur,Tharur,Tarur
Pathanamthitta,Thiruvalla,Thiruvalla,Nedumpram Gramapanchayath
Palakkad East,Alathur,Vandazhi,Kizhakkanchery Gramapanchayath
Palakkad West,Tarur,Vadakkenchery,Kavassery
Palakkad East,Alathur,Alathur,Erimayur
Palakkad East,Alathur,Alathur,Alathur
Palakkad East,Malampuzha,Puthussery,Kodumbu
Wayanad,Sulthanbathery,Sulthan Bathery,Noolpuzha
Palakkad East,Malampuzha,Malampuzha,Puduppariyaram Gramapanchayath
Palakkad East,Malampuzha,Puthussery,Marutharode Gramapanchayath
Palakkad East,Malampuzha,Malampuzha,Malampuzha Gramapanchayath
Palakkad East,Malampuzha,Malampuzha,Akathethara
Wayanad,Sulthanbathery,Pulpally,Pulpally
Palakkad East,Nenmara,Nenmara,Nemmara Grampanchayat
Palakkad East,Alathur,Vandazhi,Melarcode Grampanchayat
Palakkad East,Nenmara,Nenmara,Pallassena Grampanchayat
Palakkad East,Nenmara,Kollengode,Elavanchery Gramapanchayath
Palakkad East,Nenmara,Kollengode,Nelliyampathy Gramapanchayath
Palakkad East,Nenmara,Nenmara,Ayiloor
Palakkad East,Chittur,Chittoor,Pattanchery Gramapanchayath
Palakkad East,Chittur,Chittoor,Peruvemba Gramapanchayath
Pathanamthitta,Thiruvalla,Thiruvalla,Niranam Gramapanchayath
Alappuzha North,Alappuzha,Mararikkulam,Mararikulam North Grama Panchayat
Palakkad East,Nenmara,Kollengode,Muthalamada Gramapanchayath
Palakkad East,Nenmara,Nenmara,Koduvayur Gramapanchayath
Palakkad East,Nenmara,Kollengode,Kollengode Gramapanchayat
Palakkad East,Chittur,Chittoor,Polppulli Grampanchayat
Palakkad East,Malampuzha,Puthussery,Elappully
Palakkad East,Chittur,Kozhinjampara,Vadavannur gramapanchayat
Palakkad East,Chittur,Chittoor,Perumatty Gramapanchayath
Palakkad East,Chittur,Kozhinjampara,Nalleppilly Gramapanchayath
Palakkad East,Chittur,Kozhinjampara,Kozhinjampara Gramapanchayath
Palakkad West,Mannarkad,Mannarkkad,Thenkara Gramapanchayath
Kannur South,Dharmadam,Dharmadom,Dharmadam
Palakkad East,Alathur,Alathur,Thenkurissi Grampanchayat
Palakkad West,Tarur,Tharur,Peringottukurissi Gramapanchayath
Palakkad East,Palakkad,Pirayiri,Mathoor Grampanchayat
Palakkad East,Alathur,Alathur,Kuzhalmannam Gramapanchayath
Palakkad West,Tarur,Tharur,Kuthanur Grampanchayat
Kottayam West,Vaikom,Vaikom,Thalayazham Gramapanchayath
Palakkad East,Kongad,Kongad,Parali
Palakkad East,Kongad,Kongad,Mankara
Palakkad East,Kongad,Kongad,Mannur
Palakkad East,Kongad,Kongad,Keralasseri Gramapanchayath
Palakkad East,Kongad,Kongad,Kongad Gramapanchayath
Palakkad East,Malampuzha,Malampuzha,Mundur Gramapanchayath
Palakkad East,Palakkad,Pirayiri,Pirayiri Gramapanchayath
Palakkad West,Mannarkad,Attappady,Sholayar
Palakkad West,Mannarkad,Attappady,Parudur
Palakkad West,Mannarkad,Attappady,Agali
Alappuzha North,Ambalappuzha,Ambalappuzha,Ambalapuzha North
Palakkad East,Kongad,Karimba,Thachampara Gramapanchayath
Palakkad East,Kongad,Karimba,Kanhirapuzha Grama Panchayat
Palakkad West,Mannarkad,Mannarkkad,Kumaramputhur gram panchayat
Palakkad West,Mannarkad,Mannarkkad,Kottappadam Gramapanchayath
Palakkad East,Kongad,Karimba,Karimba
Palakkad West,Mannarkad,Mannarkkad,Alanallur
Palakkad West,Ottapalam,Sreekrishnapuram,Pookottukavu Gramapanchayath
Palakkad West,Ottapalam,Sreekrishnapuram,Thachanattukara Gramapanchayath
Palakkad East,Kongad,Karimba,Karakurussi Gramapanchayath
Palakkad West,Shornur,Cherpulassery,Vellinezhi Gramapanchayath
Pathanamthitta,Thiruvalla,Thiruvalla,Kuttoor Gramapanchayath
Palakkad West,Ottapalam,Sreekrishnapuram,Karimba Gramapanchayath
Palakkad West,Ottapalam,Sreekrishnapuram,Kadampazhipuram Gramapanchayath
Palakkad West,Shornur,Cherpulassery,Nellaya
Alappuzha North,Aroor,Aroor,Thuravoor grama panchayat
Pathanamthitta,Thiruvalla,Thiruvalla,Kadapra Gramapanchayath
Palakkad West,Shornur,Shornur,Vaniyamkulam Gramapanchayath
Palakkad West,Ottapalam,Ottapalam,Lakkidi Peroor Gram Panchayat
Kottayam West,Vaikom,Vaikom,TV Puram Grama Panchayat
Palakkad West,Shornur,Shornur,Ananganadi
Palakkad West,Ottapalam,Ottapalam,Ambalapara
Palakkad West,Thrithala,Thrithala,Parudur
Palakkad West,Pattambi,Koppam,Vilayur Gramapanchayath
Palakkad West,Pattambi,Koppam,Thiruvegappura Gramapanchayath
Pathanamthitta,Thiruvalla,Mallappally,Mallappally Gramapanchayath
Palakkad West,Pattambi,Pattambi,Muthuthala Gramapanchayath
Palakkad West,Pattambi,Koppam,Kulukkallur Gramapanchayath
Palakkad West,Pattambi,Koppam,Koppam Gramapanchayath
Palakkad West,Thrithala,Thrithala,Thrithala Grampanchayat
Palakkad East,Palakkad,Pirayiri,Kannadi Gramapanchayath
Palakkad West,Thrithala,Kappur,Pattithara Gramapanchayath
Palakkad West,Thrithala,Thrithala,Nagalassery Grampanchayat
Palakkad West,Thrithala,Kappur,Kappoor Gramapanchayath
Palakkad West,Thrithala,Kappur,Chalissery Gramapanchayath
Palakkad West,Thrithala,Kappur,Anakkara
Malappuram Central,Kondotty,Kondotty,Kondotty
Malappuram West,Thirurangadi,Tirurangadi,Tirurangadi
Malappuram Central,Kottakkal,Kuttippuram,Valanchery
Malappuram West,Thirurangadi,Tirurangadi,Parappanangadi
Malappuram West,Tanur,Tanur,Thuvoor
Malappuram East,Nilambur,Nilambur,Nilambur
Malappuram Central,Kottakkal,Kottakkal,Kottakkal
Malappuram East,Manjeri,Manjeri,Manjeri
Malappuram Central,Malappuram,Malappuram,Malappuram
Malappuram East,Perinthalamanna,Perinthalmanna,Perinthalmanna
Malappuram West,Tirur,Tirur,Tirur
Malappuram West,Ponnani,Ponnani,Ponnani
Malappuram West,Ponnani,Changaramkulam,Veliyancode
Malappuram West,Ponnani,Changaramkulam,Perumbadappu
Malappuram West,Ponnani,Changaramkulam,Nannamukku
Malappuram West,Ponnani,Ponnani,Maranchery
Malappuram West,Ponnani,Changaramkulam,Alamkode
Malappuram West,Thavanur,Thavanur,Kaladi
Malappuram West,Thavanur,Thavanur,Edappal
Malappuram West,Thavanur,Thavanur,Vattamkulam
Malappuram West,Thavanur,Thavanur,Tanur
Malappuram West,Tirur,Thirunavaya,Thirunavaya
Malappuram West,Tirur,Tirur,Thalakkad
Malappuram West,Tirur,Tirur,Vettom
Malappuram West,Thavanur,Thrippangodu,Thrippengode
Malappuram West,Thavanur,Thrippangodu,Mangalam
Malappuram West,Thavanur,Thrippangodu,Purathoor
Malappuram West,Vallikkunnu,Pallikkal,Peruvalloor
Malappuram West,Vallikkunnu,Vallikkunnu,Vallikkunnu
Malappuram West,Vallikkunnu,Vallikkunnu,Thenhippalam
Malappuram West,Vallikkunnu,Vallikkunnu,Moonniyur
Malappuram West,Thirurangadi,Edarikkodu,Nannambra
Malappuram West,Thirurangadi,Edarikkodu,Edarikkode
Malappuram Central,Vengara,Parappur,Oorakam
Malappuram Central,Vengara,Vengara,Kannamangalam
Malappuram Central,Vengara,Vengara,Vengara
Malappuram West,Thirurangadi,Edarikkodu,Thennela
Malappuram Central,Vengara,Parappur,Parappoor
Malappuram Central,Vengara,Vengara,Abdurahiman Nagar
Malappuram West,Thirurangadi,Edarikkodu,Perumanna Klari
Malappuram West,Tirur,Thirunavaya,Valavannur
Malappuram West,Tanur,Tanur,Thanalur
Malappuram West,Tanur,Tanur,Niramarutur
Malappuram West,Tanur,Ponmundam,Ozhoor
Malappuram West,Tanur,Ponmundam,Cheriyamundam
Malappuram West,Tanur,Ponmundam,Ponmundam
Malappuram West,Tirur,Thirunavaya,Kalpakancheri
Malappuram Central,Kottakkal,Kuttippuram,Kuttippuram
Malappuram Central,Kottakkal,Kottakkal,Marakkara
Malappuram Central,Kottakkal,Kuttippuram,Irumbiliyum
Malappuram Central,Kottakkal,Kuttippuram,Edayur
Malappuram West,Tirur,Thirunavaya,Athavanad
Malappuram Central,Mankada,Mankada,Mankada
Malappuram Central,Mankada,Mankada,Makkaraparamba
Malappuram Central,Mankada,Kolathur,Moorkanade
Malappuram Central,Mankada,Mankada,Puzhakkatiri
Malappuram Central,Mankada,Kolathur,Koottilangadi
Malappuram Central,Mankada,Kolathur,Kuruva
Malappuram Central,Mankada,Mankada,Angadippuram
Malappuram East,Perinthalamanna,Elamkulam,Pulamanthole
Malappuram East,Perinthalamanna,Perinthalmanna,Vettattur
Malappuram East,Perinthalamanna,Perinthalmanna,Tazhekkod
Malappuram East,Manjeri,Pandikkad,Keezhattur
Malappuram East,Perinthalamanna,Perinthalmanna,Melattur
Malappuram East,Perinthalamanna,Elamkulam,Elamkulam
Malappuram East,Perinthalamanna,Elamkulam,Aliparamba
Malappuram Central,Malappuram,Malappuram,Kodur
Malappuram Central,Vengara,Parappur,Othukkungal
Malappuram Central,Malappuram,Pookkottur,Pookkottur
Malappuram Central,Kottakkal,Kottakkal,Ponmala
Malappuram Central,Malappuram,Pookkottur,Morayur
Malappuram Central,Malappuram,Malappuram,Anakayam
Malappuram East,Ernaad,Edavanna,Edavanna
Malappuram Central,Malappuram,Pookkottur,Pulpatta
Malappuram Central,Kondotty,Vazhakkad,Cheekkode
Malappuram East,Ernaad,Eranad,Kuzhimanna
Malappuram East,Ernaad,Eranad,Keezhuparamba
Malappuram East,Ernaad,Eranad,Kavanur
Malappuram East,Ernaad,Edavanna,Urangattiri
Malappuram East,Ernaad,Eranad,Areacode
Malappuram East,Manjeri,Pandikkad,Edapatta
Malappuram East,Nilambur,Nilambur,Karulai
Malappuram East,Nilambur,Nilambur,Amarambalam
Malappuram East,Wandoor,Kalikkavu,Tuvvur
Malappuram East,Wandoor,Kalikkavu,Karuvarakundu
Malappuram East,Wandoor,Kalikkavu,Chokkad
Malappuram East,Wandoor,Kalikkavu,Kalikavu
Malappuram East,Manjeri,Manjeri,Thrikkalangode
Malappuram East,Manjeri,Pandikkad,Pandikkad
Malappuram East,Wandoor,Wandoor,Porur
Malappuram East,Wandoor,Wandoor,Mampad
Malappuram East,Wandoor,Wandoor,Thiruvali
Malappuram East,Wandoor,Wandoor,Wandoor
Malappuram West,Vallikkunnu,Pallikkal,Chelembra
Malappuram Central,Kondotty,Vazhakkad,Muthuvallur
Malappuram Central,Kondotty,Kondotty,Pulikkal
Malappuram Central,Kondotty,Vazhakkad,Vazhakkad
Alappuzha North,Alappuzha,Alappuzha,Aryad
Malappuram West,Vallikkunnu,Pallikkal,Pallikkal
Malappuram Central,Kondotty,Kondotty,Cherukavu
Malappuram East,Ernaad,Edavanna,Chaliyar
Malappuram East,Nilambur,Nilambur,Chungathara
Malappuram East,Nilambur,Edakkara,Moothedam
Malappuram East,Nilambur,Edakkara,Edakkara
Malappuram East,Nilambur,Edakkara,Pothukal
Malappuram East,Nilambur,Edakkara,Vazhikkadavu
Kozhikode City,Beypore,Ramanattukara,Feroke
Kozhikode Rural,Thiruvambady,Mukkam,Mukkam
Kozhikode Rural,Koduvally,Koduvally,Koduvally
Kozhikode City,Beypore,Ramanattukara,Ramanattukara
Kozhikode North,Koyilandy,Payyoli,Payyoli
Kozhikode North,Vatakara,Vadakara,Vatakara
Kozhikode North,Koyilandy,Koyilandy,Koyilandy
Kozhikode City,Kunnamangalam,Olavanna,Olavanna
Kozhikode City,Beypore,Ramanattukara,Kadalundi
Kozhikode City,Kunnamangalam,Edarikkodu,Perumanna
Kozhikode City,Kunnamangalam,Olavanna,Peruvayal
Kozhikode City,Kunnamangalam,Kunnamangalam,Chathamangalam
Kozhikode City,Kunnamangalam,Kunnamangalam,Kunnamangalam
Kozhikode Rural,Thiruvambady,Mukkam,Karassery
Kozhikode City,Kunnamangalam,Kunnamangalam,Mavoor
Kozhikode Rural,Elathur,Chelannur,Kuruvattoor
Kozhikode Rural,Thiruvambady,Mukkam,Kodiyathur
Kozhikode Rural,Thiruvambady,Thiruvambady,Kodanchery
Kozhikode Rural,Koduvally,Thamarassery,Kattippara
Kozhikode Rural,Koduvally,Thamarassery,Omassery
Kozhikode Rural,Koduvally,Thamarassery,Thamarassery
Kozhikode Rural,Thiruvambady,Thiruvambady,Puthuppadi
Kozhikode Rural,Koduvally,Koduvally,Madavoor
Kozhikode Rural,Koduvally,Thamarassery,Kizhakkoth
Kozhikode Rural,Thiruvambady,Mukkam,Koodaranhi
Kozhikode Rural,Thiruvambady,Thiruvambady,Thiruvambadi
Kozhikode Rural,Elathur,Elathur,Thalakulathur
Kozhikode Rural,Koduvally,Koduvally,Narikunni
Kozhikode Rural,Elathur,Chelannur,Nanminda
Kozhikode Rural,Elathur,Chelannur,Kakkur
Kozhikode Rural,Elathur,Chelannur,Chelannur
Kozhikode Rural,Elathur,Elathur,Kakkodi
Kozhikode Rural,Balussery,Balussery,Atholi
Kozhikode North,Koyilandy,Koyilandy,Chengottukavu
Kozhikode North,Koyilandy,Payyoli,Moodadi
Kozhikode North,Perambra,Meppayur,Arikkulam
Kozhikode North,Koyilandy,Koyilandy,Chemanchery
Kozhikode Rural,Balussery,Ulliyeri,Koorachundu
Kozhikode Rural,Balussery,Balussery,Panangad
Kozhikode Rural,Balussery,Balussery,Unnikulam
Kozhikode Rural,Balussery,Ulliyeri,Ulliyeri
Kozhikode Rural,Balussery,Ulliyeri,Kottur
Kozhikode Rural,Balussery,Ulliyeri,Naduvannur
Kozhikode Rural,Balussery,Balussery,Balussery
Kozhikode North,Perambra,Perambra,Chakkittapara
Kozhikode North,Perambra,Perambra,Perambra
Kozhikode North,Perambra,Perambra,Koothali
Kozhikode Rural,Balussery,Ulliyeri,Kayanna
Kozhikode North,Perambra,Perambra,Changaroth
Kozhikode North,Perambra,Meppayur,Nochad
Kozhikode North,Perambra,Perambra,Cheruvannur
Kozhikode North,Perambra,Meppayur,Meppayur
Kozhikode North,Koyilandy,Payyoli,Thikkodi
Kozhikode North,Perambra,Meppayur,Keezhariyur
Kozhikode North,Perambra,Meppayur,Thurayur
Kozhikode North,Kuttiady,Villiappally,Thiruvallur
Kozhikode North,Kuttiady,Villiappally,Maniyur
Kozhikode North,Kuttiady,Villiappally,Villiappally
Kozhikode North,Kuttiady,Villiappally,Ayancheri
Kozhikode North,Nadapuram,Naripatta,Narippatta
Kozhikode North,Nadapuram,Naripatta,Maruthonkara
Kozhikode North,Kuttiady,Kuttiady,Kuttiadi
Kozhikode North,Nadapuram,Naripatta,Kavilumpara
Kozhikode North,Nadapuram,Naripatta,Kayakkody
Kozhikode North,Kuttiady,Kuttiady,Velom
Kozhikode North,Kuttiady,Kuttiady,Kunnummal
Kozhikode North,Nadapuram,Nadapuram,Nadapuram
Kozhikode North,Nadapuram,Nadapuram,Edacheri
Kozhikode North,Nadapuram,Naripatta,Vanimal
Kozhikode North,Nadapuram,Nadapuram,Valayam
Kozhikode North,Nadapuram,Nadapuram,Tuneri
Kozhikode North,Kuttiady,Kuttiady,Purameri
Kozhikode North,Nadapuram,Nadapuram,Chekkiad
Kozhikode North,Vatakara,Onchiyam,Onchiyam
Kozhikode North,Vatakara,Onchiyam,Eramala
Kozhikode North,Vatakara,Vadakara,Chorode
Kozhikode North,Vatakara,Onchiyam,Azhiyur
Kozhikode City,Elathur,Elathur,Kozhikode
Wayanad,Sulthanbathery,Sulthan Bathery,Sulthan Bathery
Wayanad,Mananthavady,Mananthavady,Mananthavady
Wayanad,Kalpetta,Kalpetta,Kalpetta
Wayanad,Sulthanbathery,Pulpally,Mullankolly
Pathanamthitta,Thiruvalla,Mallappally,Kunnanthanam Gramapanchayath
Wayanad,Sulthanbathery,Pulpally,Poothadi
Wayanad,Kalpetta,Padinjarathara,Kaniyambetta
Wayanad,Mananthavady,Panamaram,Panamaram
Wayanad,Kalpetta,Padinjarathara,Padinharathara
Wayanad,Kalpetta,Kalpetta,Muttil
Wayanad,Kalpetta,Padinjarathara,Kottathara
Wayanad,Kalpetta,Kalpetta,Mupainad
Wayanad,Kalpetta,Kalpetta,Meppadi
Wayanad,Kalpetta,Padinjarathara,Thariode
Wayanad,Kalpetta,Padinjarathara,Pozhuthana
Wayanad,Kalpetta,Kalpetta,Vythiri
Palakkad East,Malampuzha,Puthussery,Pudusserri Gramapanchayath
Wayanad,Sulthanbathery,Pulpally,Meenangadi
Wayanad,Sulthanbathery,Sulthan Bathery,Ambalavayal
Wayanad,Sulthanbathery,Sulthan Bathery,Nenmeni
Pathanamthitta,Ranni,Ayiroor,Kottangal Gramapanchayath
Wayanad,Mananthavady,Mananthavady,Thavinhal
Wayanad,Mananthavady,Panamaram,Edavaka
Alappuzha North,Ambalappuzha,Ambalappuzha,Punnapra South grama panchayat
Wayanad,Mananthavady,Mananthavady,Thirunelly
Wayanad,Mananthavady,Panamaram,Vellamunda
Kannur North,Taliparamba,Mayyil,Anthoor
Kannur North,Irikkur,Irikkur,Sreekandapuram
Kannur South,Kuthuparamba,Panoor,Panoor
Kasaragod,Kasargod,Kasaragod,Kasaragod
Kannur North,Payyannur,Payyannur,Payyannur
Kannur South,Thalassery,Thalassery,Thalassery
Kannur South,Kuthuparamba,Kuthuparamba,Koothuparamba
Kannur North,Taliparamba,Taliparamba,Taliparamba
Kannur South,Peravoor,Peravoor,Peravoor
Kannur South,Mattannur,Chittariparamba,Malur
Kannur South,Mattannur,Chittariparamba,Kolayad
Pathanamthitta,Ranni,Ayiroor,Kottanad Gramapanchayath
Kannur South,Peravoor,Peravoor,Kottiyoor
Kannur South,Peravoor,Peravoor,Kelakam
Kannur South,Peravoor,Peravoor,Kanichar
Kannur South,Peravoor,Iritty,Payam
Kannur South,Mattannur,Mattannur,Koodali
Kannur South,Mattannur,Mattannur,Thillankery
Kannur South,Mattannur,Mattannur,Keezhallur
Kannur South,Peravoor,Iritty,Ayyankunnu
Kannur South,Peravoor,Iritty,Aralam
Kannur South,Thalassery,Kathiroor,Kadirur
Kottayam West,Ettumanoor,Kumarakom,Aymanam
Kannur South,Thalassery,Kathiroor,Panniyannur
Kannur South,Thalassery,Kathiroor,Chokli
Kannur South,Kuthuparamba,Kuthuparamba,Kottayam
Kannur South,Mattannur,Chittariparamba,Mangattidam
Kannur South,Kuthuparamba,Panoor,Kunnothuparamba
Kannur South,Kuthuparamba,Kuthuparamba,Pattiam
Kannur South,Mattannur,Chittariparamba,Chittariparamba
Kannur South,Kuthuparamba,Panoor,Thrippengode
Kannur South,Dharmadam,Chakkarakkal,Anjarakandy
Kannur South,Thalassery,Thalassery,New Mahe
Kannur South,Dharmadam,Dharmadom,Pinarayi
Kannur South,Thalassery,Kathiroor,Eranholi
Palakkad West,Ottapalam,Sreekrishnapuram,Sreekrishnapuram Grampanchayat
Kannur South,Dharmadam,Chakkarakkal,Vengad
Kannur South,Dharmadam,Dharmadom,Muzhappilangad
Kannur South,Dharmadam,Chakkarakkal,Peralassery
Kannur South,Dharmadam,Dharmadom,Kadambur
Kannur South,Dharmadam,Chakkarakkal,Chembilode
Kannur North,Kannur,Edakkad,Munderi
Kannur North,Taliparamba,Mayyil,Kolacherry
Kannur North,Azhikode,Chirakkal,Pappinisseri
Kannur North,Azhikode,Azhikode,Azhikode
Kannur North,Azhikode,Chirakkal,Valapattanam
Kannur North,Azhikode,Chirakkal,Chirakkal
Kannur North,Taliparamba,Mayyil,Kuttiattoor
Kannur North,Irikkur,Irikkur,Ulikkal
Kannur South,Mattannur,Mattannur,Padiyoor
Kannur North,Taliparamba,Mayyil,Mayyil
Kannur North,Irikkur,Irikkur,Payyavoor
Kannur North,Taliparamba,Mayyil,Malappattam
Kannur North,Irikkur,Irikkur,Eruvessy
Kannur North,Irikkur,Irikkur,Irikkur
Kannur North,Kalliasseri,Madayi,Kadannappally-Panapuzha
Kannur North,Kalliasseri,Kalliassery,Pattuvam
Kannur North,Taliparamba,Taliparamba,Pariyaram
Kannur North,Taliparamba,Taliparamba,Kurumathur
Kannur North,Irikkur,Alakkode,Chengalayi
Kannur North,Taliparamba,Taliparamba,Chapparapadavu
Kannur North,Irikkur,Alakkode,Naduvil
Kannur North,Irikkur,Alakkode,Alakode
Kannur North,Irikkur,Alakkode,Udayagiri
Kannur North,Payyannur,Payyannur,Ramanthali
Kannur North,Kalliasseri,Madayi,Kunhimangalam
Kannur North,Payyannur,Payyannur,Karivellur
Kannur North,Payyannur,Peringome,Kankol-Alappadamba
Kannur North,Payyannur,Peringome,Eramam-Kuttur
Kannur North,Payyannur,Peringome,Peringome
Kannur North,Payyannur,Peringome,Cherupuzha
Kannur North,Azhikode,Chirakkal,Narath
Kannur North,Kalliasseri,Kalliassery,Kalliasseri
Kannur North,Kalliasseri,Kalliassery,Kannapuram
Kannur North,Kalliasseri,Kalliassery,Mattool
Kannur North,Kalliasseri,Kalliassery,Cherukunnu
Kannur North,Kalliasseri,Madayi,Ezhome
Kannur North,Kalliasseri,Madayi,Madayi
Kannur North,Kalliasseri,Madayi,Cheruthazham
Kannur North,Azhikode,Azhikode,Kannur
Kasaragod,Thrikaripur,Nileshwaram,Nileswaram
Pathanamthitta,Thiruvalla,Mallappally,Kaviyoor Gramapanchayath
Kasaragod,Kanhangad,Kanhangad,Kanhangad
Kasaragod,Thrikaripur,Trikaripur,Thrikkarippur
Kasaragod,Thrikaripur,Trikaripur,Pilicode
Kasaragod,Thrikaripur,Trikaripur,Padanna
Kasaragod,Thrikaripur,Trikaripur,Valiyaparampa
Kasaragod,Thrikaripur,Nileshwaram,Cheruvathur
Kasaragod,Thrikaripur,Nileshwaram,Kayyur-Chimeni
Kasaragod,Thrikaripur,Nileshwaram,East Eleri
Kasaragod,Thrikaripur,Nileshwaram,West Eleri
Kasaragod,Kanhangad,Vellarikundu,Kinanur-Karindalam
Kasaragod,Kanhangad,Vellarikundu,Balal
Kasaragod,Kanhangad,Vellarikundu,Pananthadi
Kasaragod,Kanhangad,Vellarikundu,Kallar
Kasaragod,Kanhangad,Vellarikundu,Kodom-Belur
Kasaragod,Kanhangad,Kanhangad,Madikai
Kasaragod,Udma,Udma,Pullur-Periya
Kasaragod,Kanhangad,Kanhangad,Ajanur
Kasaragod,Udma,Udma,Pallikkara
Kasaragod,Udma,Udma,Uduma
Kasaragod,Kasargod,Badiadka,Chengala
Pathanamthitta,Thiruvalla,Mallappally,Anikkadu
Kasaragod,Kasargod,Kasaragod,Madhur
Kasaragod,Kasargod,Kasaragod,Mogral-Puthur
Kasaragod,Kasargod,Badiadka,Badiadka
Kasaragod,Manjeshwaram,Kumbla,Kumbala
Kasaragod,Manjeshwaram,Kumbla,Enmakaje
Kasaragod,Manjeshwaram,Kumbla,Puthige
Kasaragod,Manjeshwaram,Manjeshwar,Paivalike
Kasaragod,Manjeshwaram,Kumbla,Mangalpaddy
Kasaragod,Manjeshwaram,Manjeshwar,Meenja
Kasaragod,Manjeshwaram,Manjeshwar,Vorkady
Kasaragod,Manjeshwaram,Manjeshwar,Manjeswaram
Kasaragod,Udma,Muliyar,Kuttikol
Kasaragod,Udma,Muliyar,Bedadka
Kasaragod,Udma,Muliyar,Delampadi
Kasaragod,Udma,Muliyar,Muliyar
Kasaragod,Kasargod,Badiadka,Karaduka
Kasaragod,Kasargod,Badiadka,Beloor
Kasaragod,Kasargod,Badiadka,Kumbadaje
Thiruvananthapuram City,Kazhakkoottam,Kazhakkoottam,Kazhakkoottam
Thiruvananthapuram City,Kazhakkoottam,Kazhakkoottam,SainikSchool
Thiruvananthapuram City,Kazhakkoottam,Kazhakkoottam,Chanthavila
Thiruvananthapuram City,Kazhakkoottam,Kazhakkoottam,Kattaayikkonam
Thiruvananthapuram City,Kazhakkoottam,Kazhakkoottam,Njandoorkkonam
Thiruvananthapuram City,Kazhakkoottam,Kazhakkoottam,Powdikkonam
Thiruvananthapuram City,Kazhakkoottam,Kazhakkoottam,Chenkottukonam
Thiruvananthapuram City,Kazhakkoottam,Kazhakkoottam,Chembazhanthi
Thiruvananthapuram City,Kazhakkoottam,Kazhakkoottam,Karyavattom
Thiruvananthapuram City,Kazhakkoottam,Kazhakkoottam,Pangappara
Thiruvananthapuram City,Kazhakkoottam,Kazhakkoottam,Sreekaryam
Thiruvananthapuram City,Kazhakkoottam,Kazhakkoottam,Chellamangalam
Thiruvananthapuram City,Kazhakkoottam,Kazhakkoottam,Mannanthala
Thiruvananthapuram City,Kazhakkoottam,Kazhakkoottam,Edavakkod
Thiruvananthapuram City,Kazhakkoottam,Ulloor,Ulloor
Thiruvananthapuram City,Kazhakkoottam,Ulloor,Medical College
Thiruvananthapuram City,Kazhakkoottam,Ulloor,Karikkakam
Thiruvananthapuram City,Kazhakkoottam,Ulloor,Kadakampally
Thiruvananthapuram City,Kazhakkoottam,Ulloor,Anamukham
Thiruvananthapuram City,Kazhakkoottam,Ulloor,Akkulam
Thiruvananthapuram City,Kazhakkoottam,Ulloor,Cheruvaykkal
Thiruvananthapuram City,Kazhakkoottam,Ulloor,Alathara
Thiruvananthapuram City,Kazhakkoottam,Ulloor,Kuzhivila
Thiruvananthapuram City,Kazhakkoottam,Ulloor,Poundkadavu
Thiruvananthapuram City,Kazhakkoottam,Ulloor,Kulathur
Thiruvananthapuram City,Kazhakkoottam,Ulloor,Attipra
Thiruvananthapuram City,Kazhakkoottam,Ulloor,Pallithura
Thiruvananthapuram City,Vattiyoorkavu,Pattom,Pathirappally
Thiruvananthapuram City,Vattiyoorkavu,Pattom,Ambalamukku
Thiruvananthapuram City,Vattiyoorkavu,Pattom,Kudappanakunnu
Thiruvananthapuram City,Vattiyoorkavu,Pattom,Peroorkkada
Thiruvananthapuram City,Vattiyoorkavu,Pattom,Thurutthumoola
Thiruvananthapuram City,Vattiyoorkavu,Pattom,Kuravankonam
Thiruvananthapuram City,Vattiyoorkavu,Pattom,Muttada
Thiruvananthapuram City,Vattiyoorkavu,Pattom,Chettivilakam
Thiruvananthapuram City,Vattiyoorkavu,Pattom,Kinavoor
Thiruvananthapuram City,Vattiyoorkavu,Pattom,Nallanchira
Thiruvananthapuram City,Vattiyoorkavu,Pattom,Pattom
Thiruvananthapuram City,Vattiyoorkavu,Pattom,Keshavadasapuram
Thiruvananthapuram City,Vattiyoorkavu,Pattom,Gourishapattom
Thiruvananthapuram City,Vattiyoorkavu,Pattom,Kunnukuzhi
Thiruvananthapuram City,Vattiyoorkavu,Pattom,Nanthanakodu
Thiruvananthapuram City,Vattiyoorkavu,Pattom,Kannammoola
Thiruvananthapuram City,Vattiyoorkavu,Vattiyoorkavu,Nettayam
Thiruvananthapuram City,Vattiyoorkavu,Vattiyoorkavu,Kachani
Thiruvananthapuram City,Vattiyoorkavu,Vattiyoorkavu,Vazhottukonam
Thiruvananthapuram City,Vattiyoorkavu,Vattiyoorkavu,Kodunganoor
Thiruvananthapuram City,Vattiyoorkavu,Vattiyoorkavu,Vattiyoorkavu
Thiruvananthapuram City,Vattiyoorkavu,Vattiyoorkavu,Kanjirampara
Thiruvananthapuram City,Vattiyoorkavu,Vattiyoorkavu,Kawadiyar
Thiruvananthapuram City,Vattiyoorkavu,Vattiyoorkavu,Sasthamangalam
Thiruvananthapuram City,Vattiyoorkavu,Vattiyoorkavu,Valiyavila
Thiruvananthapuram City,Thiruvananthapuram,Thiruvananthapuram Central,Palayam
Thiruvananthapuram City,Thiruvananthapuram,Thiruvananthapuram Central,Vazhuthakkad
Thiruvananthapuram City,Thiruvananthapuram,Thiruvananthapuram Central,Jagathy
Thiruvananthapuram City,Thiruvananthapuram,Thiruvananthapuram Central,Thykkadu
Thiruvananthapuram City,Thiruvananthapuram,Thiruvananthapuram Central,Valiyashala
Thiruvananthapuram City,Thiruvananthapuram,Thiruvananthapuram Central,Arannoor
Thiruvananthapuram City,Thiruvananthapuram,Thiruvananthapuram Central,Manakkadu
Thiruvananthapuram City,Thiruvananthapuram,Thiruvananthapuram Central,Chalai
Thiruvananthapuram City,Thiruvananthapuram,Thiruvananthapuram Central,Fort
Thiruvananthapuram City,Thiruvananthapuram,Thiruvananthapuram Central,Perunthanni
Thiruvananthapuram City,Thiruvananthapuram,Thiruvananthapuram Central,Sreekanthaswaram
Thiruvananthapuram City,Thiruvananthapuram,Thiruvananthapuram Central,Thampanoor
Thiruvananthapuram City,Thiruvananthapuram,Thiruvananthapuram Central,Vanchiyoor
Thiruvananthapuram City,Thiruvananthapuram,Attukal,Vellarr
Thiruvananthapuram City,Thiruvananthapuram,Attukal,Thiruvallam
Thiruvananthapuram City,Thiruvananthapuram,Attukal,Ambalathara
Thiruvananthapuram City,Thiruvananthapuram,Attukal,Attukal
Thiruvananthapuram City,Thiruvananthapuram,Attukal,Kalippankulam
Thiruvananthapuram City,Thiruvananthapuram,Attukal,Kamaleswaram
Thiruvananthapuram City,Nemom,Nemom,Thrikkannapuram
Thiruvananthapuram City,Nemom,Nemom,Punnakka Mugall
Thiruvananthapuram City,Nemom,Nemom,Poojappura
Thiruvananthapuram City,Nemom,Nemom,Pangode
Thiruvananthapuram City,Nemom,Nemom,Thirumala
Thiruvananthapuram City,Nemom,Nemom,Mudavanmukal
Thiruvananthapuram City,Nemom,Nemom,Estate
Thiruvananthapuram City,Nemom,Nemom,Nemom
Thiruvananthapuram City,Nemom,Nemom,Ponnumangalam
Thiruvananthapuram City,Nemom,Nemom,Melamangod
Thiruvananthapuram City,Nemom,Nemom,Pappanamcode
Thiruvananthapuram City,Nemom,Nemom,Karamana
Thiruvananthapuram City,Nemom,Nemom,Karumam
Thiruvananthapuram City,Nemom,Nemom,Punchakkari
Thiruvananthapuram City,Nemom,Kovalam,Venganur
Thiruvananthapuram City,Nemom,Kovalam,Port Ward
Thiruvananthapuram City,Nemom,Kovalam,Vizhinjam
Thiruvananthapuram City,Nemom,Kovalam,Harbor
Thiruvananthapuram City,Thiruvananthapuram,Thiruvananthapuram West,Poonthura
Thiruvananthapuram City,Thiruvananthapuram,Thiruvananthapuram West,Putthanpalli
Thiruvananthapuram City,Thiruvananthapuram,Thiruvananthapuram West,Beemapalli
Thiruvananthapuram City,Thiruvananthapuram,Thiruvananthapuram West,Valiathura
Thiruvananthapuram City,Thiruvananthapuram,Thiruvananthapuram West,Vallakkadavu
Thiruvananthapuram City,Thiruvananthapuram,Thiruvananthapuram West,Sreevaraham
Thiruvananthapuram City,Thiruvananthapuram,Thiruvananthapuram West,Pettah
Thiruvananthapuram City,Thiruvananthapuram,Thiruvananthapuram West,Chakkai
Thiruvananthapuram City,Thiruvananthapuram,Thiruvananthapuram West,Vettukadu