Zone,Org District,AC,Org Mandal,LBName,Target
Thiruvananthapuram,Kollam West,Kollam,Thrikkadavoor,Thrikkaruva Gramapanchayath,Opposition
Thiruvananthapuram,Pathanamthitta,Thiruvalla,Thiruvalla,Thiruvalla,Opposition
Thiruvananthapuram,Kollam East,Pathanapuram,Kunnikkodu,Melila Gramapanchayath,Opposition
Thiruvananthapuram,Pathanamthitta,Konni,Chittar,Chittar Gramapanchayath,Opposition
Thiruvananthapuram,Kollam West,Eravipuram,Eravipuram,Mayyanad Grama Panchayat,Opposition
Thiruvananthapuram,Pathanamthitta,Aranmula,Aranmula,Eraviperoor,Opposition
Thiruvananthapuram,Kollam East,Chadayamangalam,Chithara,Ittiva Gramapanchayath,Opposition
Thiruvananthapuram,Kollam East,Pathanapuram,Pathanapuram,Piravanthur Gramapanchayat,Opposition
Thiruvananthapuram,Kollam East,Kunnathur,Sasthamcotta,Sasthamcotta Gramapanchayath,Opposition
Thiruvananthapuram,Kollam East,Pathanapuram,Kunnikkodu,Talavoor Gramapanchayat,Opposition
Thiruvananthapuram,Pathanamthitta,Thiruvalla,Mallappally,Kallooppara Gramapanchayath,Opposition
Thiruvananthapuram,Kollam East,Kunnathur,Sasthamcotta,East Kallada Gramapanchayat,Opposition
Thiruvananthapuram,Kollam West,Chavara,Chavara,Kollam,Opposition
Thiruvananthapuram,Kollam East,Kottarakkara,Kottarakkara,Ummannoor Gramapanchayath,Opposition
Thiruvananthapuram,Thiruvananthapuram South,Aruvikkara,Aruvikkara,Aruvikkara,Opposition
Thiruvananthapuram,Kollam West,Chathannoor,Paravur,Paravoor,Opposition
Thiruvananthapuram,Thiruvananthapuram South,Aruvikkara,Aryanadu,Vithura Gramapanchayath,Opposition
Thiruvananthapuram,Thiruvananthapuram South,Kattakkada,Kattakkada,Kattakada Gramapanchayath,Opposition
Thiruvananthapuram,Thiruvananthapuram South,Parasala,Parassala,Kunnathukal Gramapanchayat,Opposition
Thiruvananthapuram,Kollam West,Karunagappally,Karunagappally,Kulasekharapuram Grama Panchayat,Opposition
Kozhikode,Kannur South,Thalassery,Thalassery,Thalassery,Win
Thiruvananthapuram,Pathanamthitta,Adoor,Adoor,Adoor,NA
Thiruvananthapuram,Kollam West,Karunagappally,Karunagappally,Karunagappally,Win
Ernakulam,Ernakulam City,Thripunithura,Thrippunithura,Thrippunithura,Win
Alappuzha,Alappuzha South,Mavelikkara,Mavelikkara,Mavelikkara,Win
Alappuzha,Kottayam West,Vaikom,Vaikom,Vaikom,Win
Thiruvananthapuram,Thiruvananthapuram North,Nedumangad,Nedumangad,Nedumangad,Win
Palakkad,Palakkad West,Ottapalam,Ottapalam,Ottappalam,Win
Thiruvananthapuram,Thiruvananthapuram North,Varkala,Varkala,Edava,NA
Thiruvananthapuram,Thiruvananthapuram North,Attingal,Attingal,Cherunniyoor Grampanchayat,NA
Thiruvananthapuram,Thiruvananthapuram North,Varkala,Varkala,Vettoor Gramapanchayath,NA
Thiruvananthapuram,Thiruvananthapuram North,Chirayinkeezhu,Kadakkavoor,Kadakkavoor Gramapanchayath,NA
Alappuzha,Idukki North,Devikulam,Devikulam,Edamalakkudy Grama Panchayat,Win
Thiruvananthapuram,Thiruvananthapuram South,Neyyattinkara,Neyyattinkara,Neyyattinkara,Win
Thiruvananthapuram,Kollam East,Kottarakkara,Kottarakkara,Kottarakara,Win
Alappuzha,Alappuzha South,Chenganur,Chengannur,Chengannur,Win
Alappuzha,Idukki North,Thodupuzha,Vannappuram,Velliyamattom Gramapanchayat,Opposition
Thiruvananthapuram,Thiruvananthapuram North,Chirayinkeezhu,Kadakkavoor,Anjuthengu,NA
Thiruvananthapuram,Thiruvananthapuram North,Varkala,Navaikulam,Pallikkal (Thiruvananthapuram),NA
Alappuzha,Kottayam West,Kottayam,Kottayam,Kottayam,Win
Alappuzha,Kottayam East,Changanassery,Changanassery,Changanassery,Win
Alappuzha,Idukki North,Devikulam,Devikulam,Chinnakkanal Grampanchayat,Opposition
Alappuzha,Idukki North,Thodupuzha,Thodupuzha,Thodupuzha,Win
Thiruvananthapuram,Thiruvananthapuram North,Attingal,Kilimanoor,Pazhayakunnummel Gramapanchayath,NA
Alappuzha,Idukki North,Thodupuzha,Thodupuzha,Manakkad Gramapanchayath,Win
Alappuzha,Idukki South,Peerumade,Peermade,Vandiperiyar Grampanchayat,Opposition
Alappuzha,Idukki North,Thodupuzha,Thodupuzha,Kumaramangalam Gramapanchayath,Win
Alappuzha,Idukki North,Devikulam,Adimali,Mankulam Gramapanchayath,Win
Ernakulam,Ernakulam North,Aluva,Aluva,Aluva,Win
Palakkad,Malappuram West,Tanur,Tanur,Tavanur,Win
Thiruvananthapuram,Thiruvananthapuram North,Vamanapuram,Palode,Peringamala Gramapanchayath,NA
Thiruvananthapuram,Thiruvananthapuram North,Vamanapuram,Palode,Nanniyode Gramapanchayath,NA
Thiruvananthapuram,Thiruvananthapuram North,Vamanapuram,Vamanapuram,Pullampara Gramapanchayath,NA
Thiruvananthapuram,Thiruvananthapuram North,Vamanapuram,Vamanapuram,Nellanad Gramapanchayath,NA
Palakkad,Palakkad West,Shornur,Shornur,Shoranur,Win
Thiruvananthapuram,Thiruvananthapuram North,Varkala,Varkala,Varkala,Win
Thiruvananthapuram,Thiruvananthapuram North,Attingal,Attingal,Manampoor Gramapanchayat,Win
Thiruvananthapuram,Thiruvananthapuram North,Varkala,Varkala,Elakamon,Win
Thiruvananthapuram,Thiruvananthapuram North,Chirayinkeezhu,Kadakkavoor,Kizhuvilam Gramapanchayat,Win
Thiruvananthapuram,Thiruvananthapuram North,Chirayinkeezhu,Chirayinkeezhu,Chirayinkeezhu Gramapanchayath,Win
Thiruvananthapuram,Thiruvananthapuram North,Varkala,Navaikulam,Madavoor Grampanchayat,Win
Thiruvananthapuram,Thiruvananthapuram North,Varkala,Navaikulam,Navaikulam Gramapanchayath,Win
Thiruvananthapuram,Thiruvananthapuram North,Attingal,Kilimanoor,Kilimanoor Grama Panchayath,Win
Thiruvananthapuram,Thiruvananthapuram South,Aruvikkara,Aryanadu,Aryanad,NA
Thiruvananthapuram,Thiruvananthapuram North,Attingal,Kilimanoor,Nagaroor Grampanchayat,Win
Thiruvananthapuram,Thiruvananthapuram North,Attingal,Kilimanoor,Karavaram Gramapanchayath,Win
Thiruvananthapuram,Thiruvananthapuram North,Attingal,Kilimanoor,Pulimath Gramapanchayath,Win
Thiruvananthapuram,Thiruvananthapuram North,Vamanapuram,Palode,Pangode Gramapanchayath,Win
Thiruvananthapuram,Thiruvananthapuram North,Vamanapuram,Vamanapuram,Kallara Grampanchayat,Win
Palakkad,Palakkad West,Pattambi,Pattambi,Vallapuzha Gramapanchayat,Opposition
Thiruvananthapuram,Thiruvananthapuram North,Chirayinkeezhu,Chirayinkeezhu,Kadinamkulam,NA
Thiruvananthapuram,Thiruvananthapuram North,Nedumangad,Pothencode,Andoorkonam,NA
Thiruvananthapuram,Thiruvananthapuram North,Nedumangad,Pothencode,Manickal Gramapanchayath,Win
Thiruvananthapuram,Thiruvananthapuram North,Vamanapuram,Vamanapuram,Vamanapuram Gramapanchayath,Win
Thiruvananthapuram,Thiruvananthapuram North,Vamanapuram,Vamanapuram,Panavoor Gramapanchayat,Win
Thiruvananthapuram,Thiruvananthapuram North,Vamanapuram,Palode,Anad,Win
Thiruvananthapuram,Thiruvananthapuram North,Nedumangad,Pothencode,Vembayam Gramapanchayat,Win
Thiruvananthapuram,Thiruvananthapuram North,Nedumangad,Nedumangad,Karakulam Gramapanchayath,Win
Thiruvananthapuram,Thiruvananthapuram South,Aruvikkara,Aryanadu,Tholicode Gramapanchayath,Win
Thiruvananthapuram,Thiruvananthapuram South,Aruvikkara,Aryanadu,Uzhamalakkal,Win
Thiruvananthapuram,Thiruvananthapuram South,Aruvikkara,Aruvikkara,Kuttichal Grampanchayat,Win
Alappuzha,Idukki North,Thodupuzha,Thodupuzha,Purapuzha Gramapanchayath,Opposition
Thiruvananthapuram,Thiruvananthapuram South,Kovalam,Balaramapuram,Karumkulam Gramapanchayath,NA
Thiruvananthapuram,Thiruvananthapuram South,Aruvikkara,Aruvikkara,Poovachal Gramapanchayath,Win
Thiruvananthapuram,Thiruvananthapuram South,Aruvikkara,Aruvikkara,Vellanad,Win
Thiruvananthapuram,Thiruvananthapuram South,Parasala,Vellarada,Amboori,NA
Thiruvananthapuram,Thiruvananthapuram North,Chirayinkeezhu,Chirayinkeezhu,Azhoor,Win
Thiruvananthapuram,Thiruvananthapuram North,Nedumangad,Pothencode,Pothencode Gramapanchayath,Win
Thiruvananthapuram,Thiruvananthapuram North,Chirayinkeezhu,Chirayinkeezhu,Mangalapuram Gramapanchayath,Win
Thiruvananthapuram,Thiruvananthapuram South,Kattakkada,Malayinkeezhu,Vilavoorkkal Gramapanchayat,Win
Thiruvananthapuram,Thiruvananthapuram South,Kattakkada,Kattakkada,Vilappil Gramapanchayat,Win
Alappuzha,Idukki North,Devikulam,Devikulam,Kanthalloor Gramapanchayath,Opposition
Thiruvananthapuram,Thiruvananthapuram South,Parasala,Vellarada,Vellarada Gramapanchayath,NA
Thiruvananthapuram,Thiruvananthapuram South,Kattakkada,Malayinkeezhu,Pallichal Gramapanchayat,Win
Thiruvananthapuram,Thiruvananthapuram South,Neyyattinkara,Neyyattinkara,Thirupuram Gramapanchayath,NA
Thiruvananthapuram,Thiruvananthapuram South,Neyyattinkara,Kulathoor,Chenkal Gramapanchayat,NA
Thiruvananthapuram,Thiruvananthapuram South,Neyyattinkara,Kulathoor,Kulathoor Grampanchayat,NA
Thiruvananthapuram,Thiruvananthapuram South,Kovalam,Balaramapuram,Balaramapuram Gramapanchayath,Win
Thiruvananthapuram,Thiruvananthapuram South,Parasala,Parassala,Parassala Gramapanchayath,NA
Ernakulam,Ernakulam East,Piravom,Piravom,Ramamangalam Gramapanchayath,Opposition
Thiruvananthapuram,Thiruvananthapuram South,Kattakkada,Kattakkada,Maranalloor Gramapanchayat,Win
Thiruvananthapuram,Thiruvananthapuram South,Kovalam,Balaramapuram,Kottukal Gramapanchayat,Win
Thiruvananthapuram,Thiruvananthapuram South,Kovalam,Balaramapuram,Kanjiramkulam Gramapanchayath,Win
Thiruvananthapuram,Thiruvananthapuram South,Neyyattinkara,Neyyattinkara,"Athiyannur, Thiruvananthapuram",Win
Thiruvananthapuram,Thiruvananthapuram South,Parasala,Vellarada,Kallikkadu Gramapanchayath,Win
Thiruvananthapuram,Thiruvananthapuram South,Parasala,Vellarada,Ottasekaramangalam Gramapanchayath,Win
Thiruvananthapuram,Thiruvananthapuram South,Parasala,Vellarada,Aryancode,Win
Thiruvananthapuram,Thiruvananthapuram South,Parasala,Parassala,Perumkadavila Gramapanchayath,Win
Thiruvananthapuram,Thiruvananthapuram South,Parasala,Parassala,Kollayil Gramapanchayath,Win
Thiruvananthapuram,Thiruvananthapuram South,Kovalam,Balaramapuram,Poovar Grampanchayat,Win
Thiruvananthapuram,Thiruvananthapuram South,Neyyattinkara,Kulathoor,Karode Gramapanchayath,Win
Thiruvananthapuram,Kollam West,Chathannoor,Chathannoor,Chirakkara Gramapanchayath,Win
Thiruvananthapuram,Kollam West,Chathannoor,Chathannoor,Adichanalloor Gramapanchayat,Win
Thiruvananthapuram,Kollam West,Chathannoor,Chathannoor,Chathanoor Grampanchayat,Win
Thiruvananthapuram,Kollam East,Punaloor,Punalur,Punalur,NA
Thiruvananthapuram,Kollam West,Chathannoor,Paravur,Kalluvaathukkal Grama Panchayath,Win
Thiruvananthapuram,Kollam West,Chathannoor,Paravur,Poothakkulam Gramapanchayath,Win
Kozhikode,Kannur South,Peravoor,Peravoor,Muzhakkunnu,Opposition
Thiruvananthapuram,Kollam East,Chadayamangalam,Chadayamangalam,Chadayamangalam Gramapanchayath,Win
Thiruvananthapuram,Kollam West,Kundara,Mukhathala,Kottamkara Grama Panchayat,Win
Thiruvananthapuram,Kollam West,Kundara,Mukhathala,Thrikkovilvattom Gramapanchayat,Win
Thiruvananthapuram,Kollam East,Chadayamangalam,Chithara,Kummil Gramapanchayath,NA
Alappuzha,Idukki South,Udumbanchola,Vandanmedu,Vandanmedu Gramapanchayat,Opposition
Thiruvananthapuram,Kollam East,Chadayamangalam,Chadayamangalam,Nilamel Gramapanchayat,NA
Thiruvananthapuram,Kollam East,Chadayamangalam,Chadayamangalam,Elamadu Grama Panchayat,NA
Thiruvananthapuram,Kollam East,Chadayamangalam,Kuravilangadu,Velinalloor Grama Panchayat,NA
Thiruvananthapuram,Kollam West,Kundara,Kundara,Elampalloor Grama Panchayat,Win
Thiruvananthapuram,Kollam East,Chadayamangalam,Chadayamangalam,Kadakkal Gramapanchayath,NA
Thiruvananthapuram,Kollam East,Chadayamangalam,Chithara,Chithara Gramapanchayath,NA
Thiruvananthapuram,Kollam West,Kundara,Mukhathala,Nedumbana Gramapanchayath,NA
Thiruvananthapuram,Kollam West,Chavara,Panmana,Thekkumbhagam Gramapanchayath,Win
Thiruvananthapuram,Kollam East,Kunnathur,Sasthamcotta,Munroethuruth Grama Panchayat,Win
Thiruvananthapuram,Kollam West,Kundara,Kundara,Perinad Gramapanchayath,Win
Thiruvananthapuram,Kollam West,Chavara,Chavara,Neendakara Gramapanchayat,NA
Thiruvananthapuram,Kollam West,Chavara,Panmana,Panmana Gramapanchayath,NA
Thiruvananthapuram,Kollam West,Chavara,Panmana,Thevalakkara Gramapanchayat,NA
Thiruvananthapuram,Kollam West,Chavara,Chavara,Chavara Gramapanchayath,NA
Thiruvananthapuram,Kollam West,Kollam,Thrikkadavoor,Panayam Gramapanchayath,Win
Thiruvananthapuram,Kollam East,Kottarakkara,Neduvathur,Neduvathoor Grama Panchayat,Win
Alappuzha,Idukki South,Udumbanchola,Vandanmedu,Pampadumpara Gramapanchayath,Opposition
Ernakulam,Ernakulam North,Perumbavoor,Perumbavoor,Perumbavoor,Opposition
Thiruvananthapuram,Kollam West,Kundara,Kundara,Perayam Gramapanchayath,NA
Thiruvananthapuram,Kollam West,Kundara,Kundara,Kundara Gramapanchayath,NA
Thiruvananthapuram,Kollam East,Kottarakkara,Neduvathur,Kareepra Gramapanchayath,Win
Thiruvananthapuram,Kollam East,Kottarakkara,Kottarakkara,Veliyam Gramapanchayath,Win
Palakkad,Palakkad West,Tarur,Vadakkenchery,Puthukode Gramapanchayath,Opposition
Thiruvananthapuram,Kollam East,Punaloor,Punalur,Aryankavu Gramapanchayat,Win
Alappuzha,Kottayam West,Kaduthuruthy,Kaduthuruthy,Manjoor Gramapanchayath,Opposition
Thiruvananthapuram,Kollam East,Kottarakkara,Neduvathur,Ezhukone Gramapanchayath,NA
Thiruvananthapuram,Kollam East,Punaloor,Anchal,Anchal Gramapanchayath,Win
Thiruvananthapuram,Kollam West,Chathannoor,Chathannoor,Pooyappally Grama Panchayath,NA
Thiruvananthapuram,Kollam East,Punaloor,Anchal,Yeroor Gramapanchayath,Win
Thiruvananthapuram,Kollam East,Pathanapuram,Pathanapuram,Pattazhi Gramapanchayath,Win
Thiruvananthapuram,Kollam East,Punaloor,Punalur,Thenmala Gramapanchayath,NA
Ernakulam,Ernakulam North,Kalamassery,Kalamassery,Eloor,Opposition
Thiruvananthapuram,Kollam East,Punaloor,Punalur,Karavaloor Gramapanchayath,NA
Thiruvananthapuram,Kollam East,Punaloor,Anchal,Edamulakkal Gramapanchayath,NA
Thiruvananthapuram,Kollam East,Pathanapuram,Pathanapuram,Pattazhi Vadakkekara Gramapanchayath,Win
Thiruvananthapuram,Kollam East,Chadayamangalam,Chithara,Alayaman Gramapanchayath,NA
Thiruvananthapuram,Kollam East,Kunnathur,Kunnathur,Pavithreswaram Gramapanchayath,Win
Thiruvananthapuram,Kollam East,Punaloor,Anchal,Kulathupuzha Gramapanchayath,NA
Ernakulam,Ernakulam City,Vypen,Cherayi,Pallippuram Gramapanchayath,Opposition
Thiruvananthapuram,Kollam East,Pathanapuram,Pathanapuram,Pathanapuram Gramapanchayath,NA
Kozhikode,Kannur South,Kuthuparamba,Kuthuparamba,Mokeri,Opposition
Thiruvananthapuram,Kollam East,Kottarakkara,Neduvathur,Kulakkada Gramapanchayath,Win
Thiruvananthapuram,Kollam East,Kottarakkara,Kottarakkara,Mylom Gramapanchayath,Win
Thiruvananthapuram,Kollam East,Pathanapuram,Kunnikkodu,Vilakkudy Grama Panchayat,NA
Thiruvananthapuram,Kollam East,Kunnathur,Kunnathur,Kunnathoor Gramapanchayat,Win
Thiruvananthapuram,Kollam East,Kunnathur,Kunnathur,Poruvazhi Gramapanchayath,Win
Thiruvananthapuram,Kollam East,Kunnathur,Kunnathur,Sooranad South Grama Panchayat,Win
Thiruvananthapuram,Kollam East,Pathanapuram,Kunnikkodu,Vettikavala Gramapanchayath,NA
Thiruvananthapuram,Kollam East,Kunnathur,Sasthamcotta,Mynagappally Grama Panchayat,NA
Thiruvananthapuram,Kollam East,Kunnathur,Kunnathur,Sooranad North Grama Panchayat,NA
Thiruvananthapuram,Kollam West,Karunagappally,Karunagappally,Alappad Grama Panchayat,Win
Thiruvananthapuram,Kollam West,Karunagappally,Karunagappally,Clappana Gramapanchayat,Win
Thiruvananthapuram,Kollam West,Karunagappally,Oachira,Thazhava Grama Panchayat,Win
Thiruvananthapuram,Kollam East,Kunnathur,Sasthamcotta,West Kallada Gramapanchayat,NA
Thiruvananthapuram,Kollam West,Karunagappally,Oachira,Thodiyoor Grama Panchayat,NA
Thiruvananthapuram,Kollam West,Karunagappally,Oachira,Oachira Gramapanchayath,Win
Thiruvananthapuram,Pathanamthitta,Adoor,Pandalam,Pandalam,Win
Thiruvananthapuram,Pathanamthitta,Konni,Konni,Kalanjoor Gramapanchayath,Win
Thiruvananthapuram,Pathanamthitta,Adoor,Adoor,Ezhamkulam Gramapanchayath,Win
Thiruvananthapuram,Pathanamthitta,Adoor,Adoor,Earathu Gramapanchayath,Win
Thiruvananthapuram,Pathanamthitta,Aranmula,Pathanamthitta,Pathanamthitta,NA
Thiruvananthapuram,Pathanamthitta,Aranmula,Aranmula,Aranmula,Win
Thiruvananthapuram,Pathanamthitta,Adoor,Pandalam,Pallikkal Grampanchayat,NA
Thiruvananthapuram,Pathanamthitta,Adoor,Pandalam,Kodumon Gramapanchayath,NA
Thiruvananthapuram,Pathanamthitta,Aranmula,Pathanamthitta,Kulanada Gramapanchayath,Win
Thiruvananthapuram,Pathanamthitta,Adoor,Adoor,Kadambanad Gramapanchayath,NA
Thiruvananthapuram,Pathanamthitta,Adoor,Pandalam,Panthalam Thekkekkara Grampanchayat,Win
Thiruvananthapuram,Pathanamthitta,Konni,Chittar,Malayalapuzha Gramapanchayath,Win
Thiruvananthapuram,Pathanamthitta,Konni,Konni,Enadimangalam,NA
Thiruvananthapuram,Pathanamthitta,Aranmula,Pathanamthitta,Mezhuvely Gramapanchayath,NA
Thiruvananthapuram,Pathanamthitta,Konni,Konni,Vallikkodu Gramapanchayath,Win
Thiruvananthapuram,Pathanamthitta,Konni,Chittar,Mylapra Gramapanchayath,Win
Thiruvananthapuram,Pathanamthitta,Adoor,Pandalam,Thumpamon Grampanchayat,NA
Thiruvananthapuram,Pathanamthitta,Ranni,Ranni,Vadasserikkara Gramapanchayath,Win
Thiruvananthapuram,Pathanamthitta,Ranni,Ranni,Ranni Perunadu Grama Panchayat,Win
Thiruvananthapuram,Pathanamthitta,Konni,Chittar,Thannithodu Gramapanchayath,NA
Thiruvananthapuram,Pathanamthitta,Aranmula,Aranmula,Naranganam Gramapanchayath,Win
Thiruvananthapuram,Pathanamthitta,Aranmula,Aranmula,Mallappuzhassery Gramapanchayath,Win
Thiruvananthapuram,Pathanamthitta,Konni,Konni,Pramadam Gramapanchayath,NA
Thiruvananthapuram,Pathanamthitta,Konni,Konni,Aruvappulam,NA
Thiruvananthapuram,Pathanamthitta,Konni,Konni,Konni,NA
Thiruvananthapuram,Pathanamthitta,Ranni,Ranni,Vechoochira Gramapanchayath,NA
Thiruvananthapuram,Pathanamthitta,Ranni,Ranni,Naranammuzhi Gramapanchayath,NA
Thiruvananthapuram,Pathanamthitta,Konni,Chittar,Seethathodu,NA
Thiruvananthapuram,Pathanamthitta,Aranmula,Aranmula,Kozhanchery Gramapanchayath,Win
Thiruvananthapuram,Pathanamthitta,Ranni,Ayiroor,Cherukole Gramapanchayath,Win
Thiruvananthapuram,Pathanamthitta,Ranni,Ayiroor,Ranni Angadi Gramapanchayath,NA
Thiruvananthapuram,Pathanamthitta,Ranni,Ranni,Ranni Gramapanchayath,NA
Thiruvananthapuram,Pathanamthitta,Ranni,Ranni,Ranni Pazhavangadi Gramapanchayath,NA
Thiruvananthapuram,Pathanamthitta,Aranmula,Pathanamthitta,Elanthoor,Win
Alappuzha,Alappuzha South,Kayamkulam,Chettikulangara,Krishnapuram Gram panchayat,Win
Alappuzha,Alappuzha South,Mavelikkara,Charummoodu,Vallikkunnam grama panchayat,Win
Palakkad,Palakkad West,Pattambi,Pattambi,Ongallur Gramapanchayath,Opposition
Alappuzha,Alappuzha South,Mavelikkara,Mavelikkara,Thamarakkulam Grama Panchayath,Win
Alappuzha,Alappuzha South,Mavelikkara,Mavelikkara,Nooranadu grama panchayat,Win
Thiruvananthapuram,Pathanamthitta,Aranmula,Pathanamthitta,Chenneerkara Gramapanchayath,NA
Alappuzha,Alappuzha South,Mavelikkara,Charummoodu,Chunakkara grama panchayat,Win
Alappuzha,Alappuzha North,Cherthala,Cherthala,Cherthala,NA
Palakkad,Wayanad,Mananthavady,Panamaram,Thondernad,Opposition
Alappuzha,Alappuzha South,Mavelikkara,Mavelikkara,Thazhakkara grama panchayat,Win
Alappuzha,Alappuzha South,Chenganur,Mannar,Chennithala Thripperumthura gram panchayat,Win
Alappuzha,Alappuzha South,Kayamkulam,Kayamkulam,Kayamkulam,NA
Alappuzha,Alappuzha South,Haripad,Karthikappalli,Chingoli gram panchayat,NA
Alappuzha,Alappuzha South,Mavelikkara,Mavelikkara,Mavelikkara Thekkakkara Grama Panchayat,Win
Alappuzha,Alappuzha South,Haripad,Haripad,Cheruthana Grama Panchayath,Win
Alappuzha,Alappuzha South,Haripad,Karthikappalli,Arattupuzha,NA
Alappuzha,Alappuzha South,Haripad,Haripad,Karuvatta Grama Panchayath,Win
Alappuzha,Alappuzha South,Haripad,Karthikappalli,Cheppad Grama Panchayat,NA
Alappuzha,Alappuzha South,Kayamkulam,Kayamkulam,Kandalloor,NA
Alappuzha,Alappuzha South,Chenganur,Chengannur,Venmony,Win
Alappuzha,Alappuzha South,Chenganur,Chengannur,Mulakkuzha grama panchayat,Win
Alappuzha,Alappuzha South,Chenganur,Chengannur,Thiruvnavandoor Grama Panchayat,Win
Alappuzha,Alappuzha South,Kayamkulam,Chettikulangara,Bharanikkavu Gram Panchayat,NA
Alappuzha,Alappuzha South,Mavelikkara,Charummoodu,Palamel gram panchayat,NA
Alappuzha,Alappuzha South,Chenganur,Chengannur,Pandanad grama panchayat,Win
Alappuzha,Alappuzha South,Chenganur,Mannar,Budhanoor Grama Panchayat,Win
Alappuzha,Alappuzha South,Chenganur,Mannar,Mannar grama panchayat,NA
Alappuzha,Alappuzha South,Chenganur,Mannar,Puliyoor panchayath,Win
Alappuzha,Alappuzha South,Chenganur,Chengannur,Ala,Win
Alappuzha,Alappuzha South,Chenganur,Mannar,Cheriyanadu panchayat,Win
Alappuzha,Alappuzha North,Kuttanad,Kuttanadu,Neelamperoor gram panchayat,Win
Alappuzha,Alappuzha North,Kuttanad,Thakazhy,Veeyapuram Grama Panchayath,NA
Thiruvananthapuram,Pathanamthitta,Aranmula,Pathanamthitta,Omalloor Gramapanchayath,Win
Alappuzha,Alappuzha South,Haripad,Haripad,Pallippadu panchayat,NA
Alappuzha,Alappuzha North,Ambalappuzha,Ambalappuzha,Purakkad Grama Panchayat,Win
Alappuzha,Alappuzha South,Haripad,Haripad,Kumarapuram gram panchayat,NA
Alappuzha,Alappuzha South,Haripad,Karthikappalli,Trikkunnappuzha grama panchayath,NA
Alappuzha,Alappuzha North,Ambalappuzha,Mullakkal,Punnapra North grama panchayat,Win
Alappuzha,Alappuzha North,Ambalappuzha,Ambalappuzha,Ambalapuzha South,Win
Thiruvananthapuram,Pathanamthitta,Ranni,Ayiroor,Ezhumattoor Gramapanchayath,Win
Alappuzha,Alappuzha North,Cherthala,Muhamma,Thanneermukkam grama panchayat,Win
Thiruvananthapuram,Pathanamthitta,Aranmula,Aranmula,Thottappuzhassery Gramapanchayath,Win
Alappuzha,Alappuzha North,Aroor,Aroor,Kodamthuruthu gram panchayat,Win
Alappuzha,Alappuzha North,Aroor,Aroor,Kuthiyathodu grama panchayat,Win
Alappuzha,Alappuzha North,Aroor,Aroor,Ezhupunna gram panchayat,Win
Alappuzha,Alappuzha North,Aroor,Panavally,Thaikkattussery Grama Panchayath,Win
Alappuzha,Alappuzha North,Kuttanad,Kuttanadu,Veliyanadu grama panchayat,NA
Alappuzha,Alappuzha North,Kuttanad,Kuttanadu,Ramankari Grama Panchayat,NA
Alappuzha,Alappuzha North,Kuttanad,Kuttanadu,Muttar Grama Panchayat,NA
Alappuzha,Alappuzha North,Aroor,Panavally,Panavalli grama panchayat,Win
Alappuzha,Alappuzha North,Kuttanad,Kuttanadu,Pulinkunnu grama panchayat,NA
Alappuzha,Alappuzha North,Kuttanad,Kuttanadu,Kavalam gram panchayat,NA
Alappuzha,Alappuzha North,Kuttanad,Thakazhy,Nedumudi village panchayat,NA
Alappuzha,Alappuzha North,Kuttanad,Thakazhy,Thalavady Grama Panchayat,NA
Alappuzha,Alappuzha North,Aroor,Panavally,Chennam Pallipuram grama panchayat,Win
Alappuzha,Alappuzha North,Kuttanad,Thakazhy,Champakulam Grama Panchayath,NA
Alappuzha,Alappuzha North,Kuttanad,Kuttanadu,Kainakari gram panchayat,NA
Alappuzha,Alappuzha North,Kuttanad,Thakazhy,Edathwa grama panchayat,NA
Alappuzha,Kottayam East,Puthuppally,Ayarkunnam,Ayarkunnam,Win
Alappuzha,Kottayam West,Kottayam,Panachikadu,Panachikadu Gramapanchayath,Win
Alappuzha,Idukki South,Udumbanchola,Vandanmedu,Karunapuram Gramapanchayath,Opposition
Thiruvananthapuram,Pathanamthitta,Thiruvalla,Mallappally,Puramattam Gramapanchayath,NA
Alappuzha,Kottayam East,Changanassery,Madappally,Kurichy Gramapanchayath,Win
Alappuzha,Alappuzha North,Cherthala,Muhamma,Muhamma gram panchayat,NA
Alappuzha,Alappuzha North,Alappuzha,Mararikkulam,Mararikulam South Grama Panchayat,NA
Alappuzha,Alappuzha North,Alappuzha,Mararikkulam,Mannancherry Grama Panchayat,NA
Alappuzha,Kottayam East,Poonjar,Mundakkayam,Koruthode Gramapanchayath,Win
Alappuzha,Kottayam East,Poonjar,Mundakkayam,Koottickal Gramapanchayath,Win
Alappuzha,Alappuzha North,Cherthala,Cherthala,Kadakarappally Grama Panchayat,NA
Palakkad,Palakkad East,Nenmara,Nenmara,Pudunagaram Gramapanchayath,Opposition
Alappuzha,Alappuzha North,Cherthala,Muhamma,Cherthala south Grama Panchayat,NA
Alappuzha,Alappuzha North,Cherthala,Muhamma,Kanjikuzhi grama panchayat,NA
Alappuzha,Alappuzha North,Cherthala,Cherthala,Vayalar Grama Panchayath,NA
Alappuzha,Alappuzha North,Cherthala,Cherthala,Pattanakkad Grama Panchayat,NA
Alappuzha,Kottayam East,Kanjirappally,Vazhoor,Karukachal Gramapanchayath,Win
Alappuzha,Kottayam East,Kanjirappally,Kanjirappally,Vellavoor Gramapanchayat,Win
Alappuzha,Kottayam East,Kanjirappally,Kanjirappally,Chirakkadavu Gramapanchayath,Win
Alappuzha,Kottayam East,Changanassery,Changanassery,Thrikkodithanam Gramapanchayath,Win
Alappuzha,Alappuzha North,Aroor,Aroor,Aroor,NA
Alappuzha,Kottayam East,Changanassery,Madappally,Madappally Gramapanchayath,Win
Palakkad,Malappuram Central,Kondotty,Vazhakkad,Vazhayoor,Opposition
Alappuzha,Kottayam West,Kaduthuruthy,Kaduthuruthy,Kidangoor Gramapanchayath,Win
Alappuzha,Kottayam East,Kanjirappally,Vazhoor,Pallickathodu Gramapanchayath,Win
Alappuzha,Alappuzha North,Aroor,Panavally,Arukutty,NA
Alappuzha,Kottayam East,Poonjar,Poonjar,Erattupetta,NA
Alappuzha,Alappuzha North,Aroor,Panavally,Perumbalam Grama Panchayat,Opposition
Alappuzha,Kottayam West,Pala,Pala,Pala,NA
Alappuzha,Kottayam East,Puthuppally,Ayarkunnam,Kooroppada Gramapanchayath,Win
Alappuzha,Kottayam West,Pala,Bharananganam,Elikkulam Gramapanchayath,Win
Alappuzha,Kottayam East,Poonjar,Poonjar,Thidanadu Gramapanchayath,Win
Alappuzha,Kottayam West,Pala,Bharananganam,Thalappalam Gramapanchayath,Win
Alappuzha,Kottayam West,Kottayam,Panachikadu,Vijayapuram Gramapanchayath,NA
Alappuzha,Kottayam East,Puthuppally,Puthuppally,Puthuppally Gramapanchayath,NA
Alappuzha,Kottayam East,Poonjar,Poonjar,Teekoy Gramapanchayath,Win
Alappuzha,Kottayam East,Poonjar,Poonjar,Poonjar Thekkekara Grama Panchayat,Win
Alappuzha,Kottayam East,Poonjar,Mundakkayam,Parathodu Gramapanchayath,NA
Alappuzha,Kottayam East,Poonjar,Poonjar,Poonjar Grampanchayath,Win
Alappuzha,Kottayam East,Poonjar,Mundakkayam,Mundakayam Gramapanchayath,NA
Alappuzha,Kottayam West,Pala,Pala,Mutholy Gramapanchayath,Win
Alappuzha,Kottayam East,Kanjirappally,Kanjirappally,Kanjirappally Grampanchayath,NA
Alappuzha,Kottayam East,Poonjar,Mundakkayam,Erumely,NA
Alappuzha,Kottayam East,Kanjirappally,Kanjirappally,Manimala Gramapanchayath,NA
Alappuzha,Kottayam West,Pala,Bharananganam,Meenachil gramapanchayath,Win
Alappuzha,Kottayam East,Kanjirappally,Vazhoor,Vazhoor Grampanchayat,NA
Alappuzha,Kottayam West,Pala,Pala,Kozhuvanal Gramapanchayath,Win
Ernakulam,Ernakulam North,Perumbavoor,Kuruppampady,Mudakkuzha Gramapanchayath,Opposition
Alappuzha,Kottayam East,Kanjirappally,Vazhoor,Kangazha Gramapanchayath,NA
Thiruvananthapuram,Pathanamthitta,Aranmula,Aranmula,Koipram Gramapanchayath,Win
Alappuzha,Kottayam East,Changanassery,Madappally,Vazhapally gram panchayat,NA
Alappuzha,Kottayam East,Puthuppally,Puthuppally,Vakathanam Gramapanchayath,NA
Alappuzha,Kottayam West,Ettumanoor,Kumarakom,Kumarakom Gramapanchayath,Win
Alappuzha,Kottayam East,Changanassery,Changanassery,Paippadu Gramapanchayath,NA
Alappuzha,Kottayam West,Vaikom,Vaikom,Kallara Grampanchayat,Win
Alappuzha,Kottayam East,Puthuppally,Puthuppally,Meenadom Gramapanchayath,NA
Thiruvananthapuram,Pathanamthitta,Ranni,Ayiroor,Ayiroor,Win
Alappuzha,Kottayam East,Puthuppally,Ayarkunnam,Manarcadu Gramapanchayath,NA
Alappuzha,Idukki South,Peerumade,Elappara,Ayyappankovil,Win
Alappuzha,Kottayam East,Puthuppally,Puthuppally,Pampady Gramapanchayath,NA
Alappuzha,Idukki South,Peerumade,Elappara,Upputhara,Win
Alappuzha,Idukki South,Idukki,Idukki,Arakulam,Win
Alappuzha,Kottayam East,Puthuppally,Ayarkunnam,Akalakkunnam,NA
Alappuzha,Idukki North,Devikulam,Devikulam,Vattavada Gramapanchayath,Win
Thiruvananthapuram,Pathanamthitta,Thiruvalla,Thiruvalla,Peringara Gramapanchayath,Win
Alappuzha,Kottayam West,Pala,Bharananganam,Thalanadu Gramapanchayath,NA
Alappuzha,Idukki North,Devikulam,Adimali,Pallivasal Gramapanchayat,Win
Alappuzha,Idukki North,Devikulam,Adimali,Vellathooval,Win
Alappuzha,Idukki North,Devikulam,Adimali,Baisonvalley Gramapanchayat,Win
Alappuzha,Kottayam West,Pala,Bharananganam,Moonnilavu Gramapanchayath,NA
Alappuzha,Kottayam West,Pala,Bharananganam,Melukavu Gramapanchayath,NA
Ernakulam,Ernakulam North,Kalamassery,Karumalloor,Kunnukara Gramapanchayath,Win
Ernakulam,Ernakulam North,Aluva,Nedumbassery,Chengamanadu Gramapanchayath,Win
Alappuzha,Kottayam West,Pala,Pala,Kadanadu Gramapanchayath,NA
Ernakulam,Ernakulam City,Thripunithura,Palluruthy,Kumbalanghy Gramapanchayath,Win
Alappuzha,Kottayam West,Pala,Pala,Karoor Grampanchayath,NA
Alappuzha,Kottayam West,Pala,Bharananganam,Bharananganam Gramapanchayath,NA
Kozhikode,Kannur South,Peravoor,Iritty,Iritty,Opposition
Ernakulam,Ernakulam City,Vypen,Cherayi,Kuzhuppilly Gramapanchayath,Win
Alappuzha,Kottayam West,Kaduthuruthy,Kuravilangadu,Uzhavoor,NA
Alappuzha,Kottayam West,Kaduthuruthy,Kuravilangadu,Kuravilangadu Gramapanchayath,NA
Palakkad,Wayanad,Kalpetta,Padinjarathara,Vengappally,Opposition
Alappuzha,Kottayam West,Kaduthuruthy,Kaduthuruthy,Kanakkary Gramapanchayath,NA
Alappuzha,Kottayam West,Kaduthuruthy,Kuravilangadu,Marangattupally Gramapanchayath,NA
Alappuzha,Kottayam West,Kaduthuruthy,Kaduthuruthy,Kadaplamattom Gramapanchayath,NA
Kozhikode,Kasaragod,Udma,Udma,Chemnad,Opposition
Alappuzha,Kottayam West,Ettumanoor,Ettumanoor,Athirampuzha,NA
Alappuzha,Kottayam West,Ettumanoor,Kumarakom,Arpookkara,NA
Alappuzha,Kottayam West,Ettumanoor,Kumarakom,Thiruvarppu Gramapanchayat,NA
Ernakulam,Ernakulam City,Vypen,Cherayi,Nayarambalam Gramapanchayath,Win
Alappuzha,Kottayam West,Ettumanoor,Ettumanoor,Neendoor Gramapanchayat,NA
Alappuzha,Kottayam West,Vaikom,Thalayolaparambu,Velloor Grama Panchayat,NA
Alappuzha,Kottayam West,Vaikom,Thalayolaparambu,Thalayolaparambu Gramapanchayath,NA
Alappuzha,Kottayam West,Kaduthuruthy,Kuravilangadu,Njeezhoor Gramapanchayat,NA
Alappuzha,Kottayam West,Kaduthuruthy,Kuravilangadu,Mulakkulam Gramapanchayath,NA
Ernakulam,Ernakulam City,Vypen,Vypin,Elamkunnapuzha Gramapanchayath,Win
Alappuzha,Kottayam West,Kaduthuruthy,Kaduthuruthy,Kaduthuruthy,NA
Alappuzha,Kottayam West,Vaikom,Thalayolaparambu,Udayanapuram,NA
Alappuzha,Kottayam West,Vaikom,Vaikom,Vechoor Grampanchayat,NA
Palakkad,Palakkad East,Nenmara,Kollengode,Vadavannur gramapanchayat,Opposition
Alappuzha,Kottayam West,Vaikom,Thalayolaparambu,Maravanthuruthu Grama Panchayat,NA
Alappuzha,Kottayam West,Vaikom,Thalayolaparambu,Chempu Gramapanchayath,NA
Alappuzha,Alappuzha North,Kuttanad,Thakazhy,Thakazhy Grama Panchayat,Opposition
Alappuzha,Idukki South,Idukki,Kattappana,Kattappana,NA
Ernakulam,Ernakulam North,Kalamassery,Kalamassery,Kadungalloor,Win
Ernakulam,Thrissur North,Kunnamkulam,Kunnamkulam,Kunnamkulam,Win
Alappuzha,Idukki South,Peerumade,Elappara,Elappara Gramapanchayath,NA
Alappuzha,Idukki South,Peerumade,Peermade,Peermade Gramapanchayath,NA
Alappuzha,Idukki South,Peerumade,Elappara,Kokkayar Gramapanchayath,NA
Alappuzha,Idukki South,Peerumade,Peermade,Kumily,NA
Alappuzha,Idukki South,Peerumade,Elappara,Peruvanthanam Gramapanchayath,NA
Palakkad,Palakkad East,Chittur,Kozhinjampara,Eruthampathy Gramapanchayath,Opposition
Ernakulam,Thrissur South,Chalakudy,Koratty,Athirappilly,Win
Alappuzha,Idukki North,Thodupuzha,Thodupuzha,Karimkunnam Gramapanchayath,NA
Alappuzha,Idukki North,Thodupuzha,Vannappuram,Edavetty Gramapanchayath,NA
Alappuzha,Idukki North,Thodupuzha,Thodupuzha,Muttom Gramapanchayath,NA
Ernakulam,Thrissur South,Chalakudy,Koratty,Meloor,Win
Alappuzha,Idukki South,Peerumade,Peermade,Chakkupallam Gramapanchayath,NA
Ernakulam,Thrissur South,Kodungallur,Mala,Mala,Win
Alappuzha,Idukki South,Udumbanchola,Vandanmedu,Erattayar,NA
Alappuzha,Idukki South,Idukki,Kattappana,Kanchiyar Gramapanchayath,NA
Alappuzha,Kottayam West,Pala,Pala,Ramapuram Gramapanchayath,Opposition
Ernakulam,Thrissur South,Kodungallur,Mala,Kuzhur,Win
Alappuzha,Idukki South,Idukki,Kattappana,Mariyapuram Gramapanchayath,NA
Alappuzha,Idukki South,Idukki,Idukki,Vazhathope Gramapanchayath,NA
Alappuzha,Idukki South,Idukki,Kattappana,Kamakshy Gramapanchayath,NA
Ernakulam,Thrissur City,Puthukkad,Amballur,Varantharappilly,Win
Alappuzha,Idukki South,Idukki,Idukki,Vathikudy Gramapanchayath,NA
Alappuzha,Idukki South,Idukki,Idukki,Kanjikkuzhy Gramapanchayath,NA
Alappuzha,Idukki South,Idukki,Idukki,Kudayathoor Grampanchayat,NA
Alappuzha,Idukki North,Thodupuzha,Vannappuram,Karimannoor Gramapanchayath,NA
Alappuzha,Kottayam West,Kaduthuruthy,Kuravilangadu,Veliyannoor Grampanchayath,Opposition
Alappuzha,Idukki North,Thodupuzha,Vannappuram,Alakode Gramapanchayat,NA
Alappuzha,Idukki North,Thodupuzha,Vannappuram,Kodikulam Gramapanchayath,NA
Alappuzha,Idukki North,Thodupuzha,Vannappuram,Udumbannoor,NA
Alappuzha,Idukki North,Thodupuzha,Vannappuram,Vannappuram Gramapanchayath,NA
Alappuzha,Idukki South,Udumbanchola,Udumbanchola,Rajakumary Gramapanchayat,NA
Alappuzha,Idukki South,Udumbanchola,Udumbanchola,Udumbanchola,NA
Alappuzha,Idukki South,Udumbanchola,Udumbanchola,Nedumkandom Gramapanchayath,NA
Alappuzha,Idukki South,Udumbanchola,Udumbanchola,Rajakkad Gramapanchayath,NA
Palakkad,Palakkad West,Shornur,Cherpulassery,Thrikkadeeri Grampanchayat,Opposition
Alappuzha,Idukki South,Udumbanchola,Udumbanchola,Senapathy Gramapanchayath,NA
Palakkad,Palakkad East,Alathur,Vandazhi,Vandazhy Gramapanchayath,Opposition
Ernakulam,Thrissur South,Chalakudy,Chalakudy,Kodakara,Win
Alappuzha,Idukki North,Devikulam,Devikulam,Devikulam Gramapanchayath,NA
Ernakulam,Thrissur South,Kaipamangalam,Edavilangu,Edavilangu,Win
Alappuzha,Kottayam East,Kanjirappally,Vazhoor,Nedumkunnam Grampanchayath,Opposition
Alappuzha,Idukki South,Udumbanchola,Udumbanchola,Santhanpara Gramapanchayat,NA
Ernakulam,Thrissur South,Kaipamangalam,Edavilangu,Sree Narayanapuram,Win
Ernakulam,Thrissur South,Kaipamangalam,Kaipamangalam,Perinjanam,Win
Alappuzha,Idukki North,Devikulam,Devikulam,Munnar Grampanchayat,NA
Alappuzha,Idukki North,Devikulam,Devikulam,Marayoor Gramapanchayat,NA
Ernakulam,Thrissur City,Nattika,Nattika,Thalikulam,Win
Ernakulam,Thrissur North,Wadakkanchery,Kaipparambu,Adat,Win
Ernakulam,Thrissur City,Ollur,Peechi,Puthur,Win
Alappuzha,Idukki South,Idukki,Idukki,Konnathady Gramapanchayath,NA
Alappuzha,Idukki North,Devikulam,Adimali,Adimali,NA
Ernakulam,Ernakulam East,Piravom,Piravom,Koothattukulam,NA
Ernakulam,Ernakulam East,Piravom,Piravom,Piravom,NA
Ernakulam,Ernakulam City,Thripunithura,Palluruthy,Maradu,NA
Ernakulam,Ernakulam City,Thrikkakara,Thrikkakara,Thrikkakara,NA
Palakkad,Palakkad West,Tarur,Tharur,Kottayi Gramapanchayath,Opposition
Ernakulam,Ernakulam North,Angamaly,Angamaly,Angamaly,NA
Palakkad,Palakkad West,Shornur,Shornur,Chalavara Gramapanchayath,Opposition
Ernakulam,Ernakulam North,Kalamassery,Kalamassery,Kalamassery,NA
Ernakulam,Thrissur North,Chelakkara,Chelakkara,Thiruvilwamala,Win
Alappuzha,Kottayam West,Ettumanoor,Ettumanoor,Ettumanoor,Opposition
Ernakulam,Ernakulam East,Kothamangalam,Kothamangalam,Kothamangalam,NA
Ernakulam,Ernakulam East,Muvattupuzha,Muvattupuzha,Muvattupuzha,NA
Ernakulam,Thrissur North,Chelakkara,Chelakkara,Kondazhy,Win
Ernakulam,Ernakulam East,Muvattupuzha,Muvattupuzha,Valakom Gramapanchayath,NA
Ernakulam,Ernakulam East,Muvattupuzha,Muvattupuzha,Marady Gramapanchayath,NA
Ernakulam,Ernakulam East,Muvattupuzha,Vazhakkulam,Manjalloor Gramapanchayath,NA
Ernakulam,Ernakulam East,Muvattupuzha,Vazhakkulam,Ayavana,NA
Ernakulam,Ernakulam East,Muvattupuzha,Vazhakkulam,Kalloorkaad Gramapanchayath,NA
Ernakulam,Ernakulam East,Muvattupuzha,Muvattupuzha,Paipra Gramapanchayath,NA
Ernakulam,Ernakulam East,Muvattupuzha,Muvattupuzha,Arakkuzha,NA
Ernakulam,Ernakulam East,Muvattupuzha,Vazhakkulam,Avoly,NA
Ernakulam,Ernakulam North,Paravoor,Vadakkekara,Puthenvelikkara Gramapanchayath,NA
Ernakulam,Ernakulam North,Aluva,Nedumbassery,Sreemoolanagaram,NA
Ernakulam,Thrissur North,Chelakkara,Chelakkara,Chelakkara,Win
Ernakulam,Ernakulam North,Angamaly,Angamaly,Parakkadavu Gramapanchayath,NA
Ernakulam,Ernakulam North,Aluva,Nedumbassery,Nedumbassery Gramapanchayath,NA
Ernakulam,Thrissur North,Kunnamkulam,Kunnamkulam,Porkulam,Win
Palakkad,Palakkad West,Thrithala,Thrithala,Thirumittacode Gramapanchayath,Opposition
Ernakulam,Ernakulam East,Piravom,Piravom,Pampakuda Gramapanchayath,NA
Ernakulam,Ernakulam East,Muvattupuzha,Muvattupuzha,Palakuzha Gramapanchayath,NA
Ernakulam,Ernakulam East,Piravom,Piravom,Thirumaradi Gramapanchayath,NA
Ernakulam,Ernakulam East,Piravom,Piravom,Elanji,NA
Ernakulam,Ernakulam East,Kothamangalam,Kothamangalam,Kottappady Grama Panchayath,NA
Ernakulam,Ernakulam East,Kothamangalam,Kavalangad,Kuttampuzha Gramapanchayath,NA
Ernakulam,Ernakulam East,Kothamangalam,Kavalangad,Pallarimangalam Gramapanchayath,NA
Ernakulam,Ernakulam East,Muvattupuzha,Vazhakkulam,Pothanikkad Gramapanchayath,NA
Ernakulam,Ernakulam East,Kothamangalam,Kavalangad,Keerampaara Gramapanchayath,NA
Ernakulam,Ernakulam East,Kothamangalam,Kavalangad,Varapetty Gramapanchayath,NA
Ernakulam,Ernakulam East,Kothamangalam,Kavalangad,Kavalangad Gramapanchayath,NA
Ernakulam,Ernakulam East,Kothamangalam,Kothamangalam,Pindimana Gramapanchayath,NA
Ernakulam,Ernakulam East,Kothamangalam,Kothamangalam,Nellikuzhy Gramapanchayath,NA
Ernakulam,Ernakulam East,Muvattupuzha,Vazhakkulam,Paingottoor Gramapanchayath,NA
Ernakulam,Ernakulam East,Kunnathunad,Kunnathunadu,Kunnathunad Gramapanchayath,NA
Ernakulam,Ernakulam East,Kunnathunad,Kolenchery,Aikkaranadu Gramapanchayath,NA
Ernakulam,Ernakulam East,Kunnathunad,Kunnathunadu,Mazhuvanoor Gramapanchayath,NA
Ernakulam,Ernakulam East,Kunnathunad,Kolenchery,Vadavukode-Puthencruz Gramapanachayath,NA
Ernakulam,Ernakulam East,Kunnathunad,Kolenchery,Thiruvaniyoor Gramapanchayath,NA
Ernakulam,Ernakulam East,Kunnathunad,Kolenchery,Poothrika Gramapanchayath,NA
Ernakulam,Ernakulam East,Piravom,Chottanikara,Maneedu Gramapanchayath,NA
Ernakulam,Ernakulam East,Piravom,Chottanikara,Amballur,NA
Ernakulam,Ernakulam East,Piravom,Chottanikara,Edakkattuvayal,NA
Ernakulam,Ernakulam East,Piravom,Chottanikara,Chottanikara Gramapanchayath,NA
Ernakulam,Ernakulam East,Piravom,Chottanikara,Mulamthuruthy Gramapanchayath,NA
Ernakulam,Ernakulam City,Thripunithura,Thrippunithura,Udayamperoor,NA
Ernakulam,Thrissur North,Kunnamkulam,Kunnamkulam,Chowannur,Win
Ernakulam,Ernakulam City,Kochi,Kochi,Kumbalam Gramapanchayath,NA
Ernakulam,Ernakulam City,Kochi,Kochi,Chellanam Gramapanchayath,NA
Ernakulam,Thrissur North,Guruvayoor,Guruvayoor,Punnayoorkulam,Win
Alappuzha,Alappuzha North,Alappuzha,Alappuzha,Alappuzha,Opposition
Ernakulam,Ernakulam City,Vypen,Cherayi,Edavanakad,NA
Thiruvananthapuram,Pathanamthitta,Thiruvalla,Thiruvalla,Nedumpram Gramapanchayath,Win
Ernakulam,Ernakulam City,Vypen,Vypin,Njarackal Gramapanchayath,NA
Palakkad,Palakkad East,Malampuzha,Malampuzha,Puduppariyaram Gramapanchayath,Win
Ernakulam,Ernakulam City,Vypen,Vypin,Mulavukadu Gramapanchayath,NA
Ernakulam,Ernakulam City,Eranakulam,Ernakulam North,Cherannalloor Gramapanchayat,NA
Ernakulam,Ernakulam City,Vypen,Vypin,Kadamakkudy Gramapanchayath,NA
Ernakulam,Ernakulam North,Aluva,Aluva,Keezhmadu Gramapanchayath,NA
Ernakulam,Ernakulam North,Aluva,Aluva,Edathala,NA
Ernakulam,Ernakulam North,Aluva,Aluva,Choornikkara Gramapanchayath,NA
Ernakulam,Ernakulam East,Kunnathunad,Kunnathunadu,Kizhakkambalam Gramapanchayath,NA
Ernakulam,Ernakulam East,Kunnathunad,Kunnathunadu,Vazhakkulam Gramapanchayath,NA
Ernakulam,Ernakulam North,Perumbavoor,Perumbavoor,Vengola,NA
Ernakulam,Ernakulam North,Perumbavoor,Perumbavoor,Okkal Gramapanchayath,NA
Ernakulam,Ernakulam North,Perumbavoor,Perumbavoor,Koovappady Gramapanchayath,NA
Ernakulam,Ernakulam North,Perumbavoor,Kuruppampady,Rayamangalam Gramapanchayath,NA
Ernakulam,Ernakulam North,Perumbavoor,Kuruppampady,Vengoor Gramapanchayath,NA
Ernakulam,Ernakulam North,Paravoor,Paravoor,North Paravur,Opposition
Ernakulam,Ernakulam North,Perumbavoor,Kuruppampady,Asamannur,NA
Ernakulam,Ernakulam North,Angamaly,Kalady,Malayattoor-Neeleswaram Gramapanchayath,NA
Ernakulam,Ernakulam North,Angamaly,Kalady,Kalady,NA
Ernakulam,Ernakulam North,Aluva,Nedumbassery,Kanjoor Gramapanchayath,NA
Ernakulam,Ernakulam North,Angamaly,Kalady,Ayyampuzha,NA
Ernakulam,Ernakulam North,Angamaly,Angamaly,Karukutty Gramapanchayath,NA
Ernakulam,Ernakulam North,Angamaly,Kalady,Manjapra Gramapanchayath,NA
Ernakulam,Ernakulam North,Angamaly,Aroor,Thuravoor Gramapanchayat,NA
Ernakulam,Ernakulam North,Angamaly,Angamaly,Mookkannoor Gramapanchayath,NA
Palakkad,Palakkad East,Malampuzha,Puthussery,Marutharode Gramapanchayath,Win
Ernakulam,Ernakulam North,Kalamassery,Karumalloor,Alangad Gramapanchayath,NA
Ernakulam,Ernakulam North,Paravoor,Paravoor,Varapuzha Gramapanchayath,NA
Ernakulam,Ernakulam North,Kalamassery,Karumalloor,Karumalloor Gramapanchayath,NA
Ernakulam,Ernakulam North,Paravoor,Vadakkekara,Chittattukara Gramapanchayath,NA
Ernakulam,Ernakulam North,Paravoor,Vadakkekara,Vadakkekkara Gramapanchayath,NA
Ernakulam,Ernakulam North,Paravoor,Paravoor,Ezhikkara,NA
Ernakulam,Ernakulam North,Paravoor,Paravoor,Kottuvally Gramapanchayath,NA
Ernakulam,Ernakulam North,Paravoor,Vadakkekara,Chendamangalam Gramapanchayath,NA
Ernakulam,Ernakulam City,Kochi,Mattancherry,Kochi,NA
Ernakulam,Thrissur North,Wadakkanchery,Wadakkanchery,Wadakanchery,NA
Palakkad,Palakkad East,Malampuzha,Malampuzha,Malampuzha Gramapanchayath,Win
Palakkad,Palakkad East,Nenmara,Kollengode,Muthalamada Gramapanchayath,Win
Ernakulam,Thrissur North,Guruvayoor,Chavakkad,Chavakkad,NA
Palakkad,Palakkad East,Nenmara,Nenmara,Koduvayur Gramapanchayath,Win
Palakkad,Palakkad East,Nenmara,Kollengode,Kollengode Gramapanchayat,Win
Ernakulam,Thrissur South,Chalakudy,Chalakudy,Chalakudy,NA
Palakkad,Palakkad East,Malampuzha,Puthussery,Elappully,Win
Ernakulam,Thrissur South,Chalakudy,Koratty,PariyarmThrissur,NA
Palakkad,Palakkad East,Alathur,Alathur,Thenkurissi Grampanchayat,Win
Ernakulam,Thrissur South,Chalakudy,Koratty,Koratty,NA
Ernakulam,Thrissur South,Chalakudy,Chalakudy,Kodassery,NA
Ernakulam,Thrissur South,Chalakudy,Koratty,Kadukutty,NA
Ernakulam,Thrissur South,Kodungallur,Mala,Poyya,NA
Palakkad,Palakkad East,Kongad,Kongad,Keralasseri Gramapanchayath,Win
Palakkad,Palakkad East,Malampuzha,Malampuzha,Mundur Gramapanchayath,Win
Ernakulam,Thrissur South,Kodungallur,Mala,Annamanada,NA
Ernakulam,Thrissur South,Irinjalakuda,Aloor,Aloor,NA
Palakkad,Palakkad West,Mannarkad,Attappady,Parudur,Win
Ernakulam,Thrissur South,Kodungallur,Kodungallur,Vellangalur,NA
Ernakulam,Thrissur South,Kodungallur,Kodungallur,Puthenchira,NA
Palakkad,Palakkad West,Mannarkad,Attappady,Agali,Win
Palakkad,Palakkad East,Kongad,Karimba,Karimba,Win
Thiruvananthapuram,Pathanamthitta,Thiruvalla,Thiruvalla,Kuttoor Gramapanchayath,Win
Ernakulam,Thrissur South,Irinjalakuda,Aloor,Muriyad,NA
Ernakulam,Thrissur South,Irinjalakuda,Irinjalakuda,Kattoor,NA
Palakkad,Palakkad West,Ottapalam,Ottapalam,Lakkidi Peroor Gram Panchayat,Win
Palakkad,Palakkad West,Ottapalam,Ottapalam,Ambalapara,Win
Ernakulam,Thrissur City,Puthukkad,Amballur,Thrikkur,NA
Ernakulam,Thrissur City,Puthukkad,Puthukkad,Pudukkad,NA
Thiruvananthapuram,Pathanamthitta,Thiruvalla,Mallappally,Mallappally Gramapanchayath,Win
Palakkad,Palakkad West,Thrithala,Thrithala,Nagalassery Grampanchayat,Win
Palakkad,Malappuram West,Thavanur,Thavanur,Edappal,Win
Ernakulam,Thrissur City,Puthukkad,Amballur,Alagappanagar,NA
Palakkad,Malappuram West,Vallikkunnu,Vallikkunnu,Vallikkunnu,Win
Palakkad,Malappuram West,Vallikkunnu,Pallikkal,Chelembra,Win
Palakkad,Malappuram West,Vallikkunnu,Pallikkal,Pallikkal,Win
Kozhikode,Kozhikode City,Kunnamangalam,Kunnamangalam,Kunnamangalam,Win
Kozhikode,Kozhikode Rural,Elathur,Chelannur,Nanminda,Win
Kozhikode,Kozhikode Rural,Elathur,Chelannur,Kakkur,Win
Kozhikode,Kozhikode North,Koyilandy,Koyilandy,Chengottukavu,Win
Thiruvananthapuram,Pathanamthitta,Thiruvalla,Mallappally,Kunnanthanam Gramapanchayath,Win
Ernakulam,Thrissur City,Nattika,Nattika,Anthikkad,NA
Ernakulam,Thrissur South,Kaipamangalam,Edavilangu,Eriyad,NA
Palakkad,Wayanad,Sulthanbathery,Pulpally,Poothadi,Win
Palakkad,Wayanad,Kalpetta,Padinjarathara,Kottathara,Win
Palakkad,Wayanad,Sulthanbathery,Sulthan Bathery,Nenmeni,Win
Ernakulam,Thrissur South,Kaipamangalam,Kaipamangalam,Mathilakam,NA
Ernakulam,Thrissur South,Kaipamangalam,Kaipamangalam,Kaipamangalam,NA
Ernakulam,Thrissur South,Kaipamangalam,Kaipamangalam,Edathiruthy,NA
Thiruvananthapuram,Pathanamthitta,Ranni,Ayiroor,Kottangal Gramapanchayath,Win
Thiruvananthapuram,Pathanamthitta,Ranni,Ayiroor,Kottanad Gramapanchayath,Win
Kozhikode,Kannur South,Kuthuparamba,Panoor,Triprangottoor,Win
Thiruvananthapuram,Pathanamthitta,Thiruvalla,Mallappally,Kaviyoor Gramapanchayath,Win
Ernakulam,Thrissur North,Guruvayoor,Chavakkad,Engandiyoor,NA
Ernakulam,Thrissur City,Manalur,Manalur,Venkitangu,NA
Ernakulam,Thrissur City,Manalur,Pavaratty,Pavaratty,NA
Ernakulam,Thrissur City,Manalur,Manalur,Mullassery,NA
Kozhikode,Kasaragod,Kasargod,Kasaragod,Mogral-Puthur,Win
Ernakulam,Thrissur North,Wadakkanchery,Kaipparambu,Kolazhy,NA
Ernakulam,Thrissur North,Wadakkanchery,Kaipparambu,Tholur,NA
Ernakulam,Thrissur North,Wadakkanchery,Wadakkanchery,Mulamkunnathukavu,NA
Ernakulam,Thrissur North,Wadakkanchery,Kaipparambu,Kaiparambu,NA
Ernakulam,Thrissur North,Wadakkanchery,Wadakkanchery,Avanur,NA
Kozhikode,Kasaragod,Manjeshwaram,Kumbla,Kumbala,Win
Kozhikode,Kasaragod,Manjeshwaram,Kumbla,Puthige,Win
Ernakulam,Thrissur City,Ollur,Peechi,Pananchery,NA
Ernakulam,Thrissur City,Ollur,Ollur,Nadathara,NA
Kozhikode,Kasaragod,Manjeshwaram,Manjeshwar,Vorkady,Win
Kozhikode,Kasaragod,Manjeshwaram,Manjeshwar,Manjeswaram,Win
Ernakulam,Thrissur North,Chelakkara,Chelakkara,Pazhayannur,NA
Ernakulam,Thrissur North,Chelakkara,Cheruthuruthy,Panjal,NA
Kozhikode,Kasaragod,Udma,Muliyar,Delampadi,Win
Ernakulam,Thrissur North,Chelakkara,Cheruthuruthy,Vallathole Nagar,NA
Kozhikode,Kasaragod,Kasargod,Badiadka,Karaduka,Win
Ernakulam,Thrissur North,Chelakkara,Cheruthuruthy,Varavoor,NA
Ernakulam,Thrissur North,Wadakkanchery,Wadakkanchery,Thekkumkara,NA
Ernakulam,Thrissur North,Chelakkara,Cheruthuruthy,Mullurkkara,NA
Ernakulam,Thrissur North,Kunnamkulam,Erumapetty,Erumapetty,NA
Ernakulam,Thrissur North,Chelakkara,Cheruthuruthy,Desamangalam,NA
Ernakulam,Thrissur North,Kunnamkulam,Erumapetty,Velur,NA
Ernakulam,Thrissur North,Kunnamkulam,Erumapetty,Kadangode,NA
Alappuzha,Alappuzha South,Haripad,Karthikappalli,Muthukulam gram panchayat,Win
Ernakulam,Thrissur North,Kunnamkulam,Kunnamkulam,Kattakampal,NA
Ernakulam,Thrissur City,Manalur,Pavaratty,Kandanassery,NA
Ernakulam,Thrissur North,Kunnamkulam,Erumapetty,Kadavalloor,NA
Alappuzha,Alappuzha South,Kayamkulam,Kayamkulam,Pathiyoor gram panchayat,Win
Ernakulam,Thrissur City,Manalur,Pavaratty,Choondal,NA
Ernakulam,Thrissur North,Guruvayoor,Guruvayoor,Vadakkekkad,NA
Ernakulam,Thrissur City,Manalur,Manalur,Elavally,Win
Ernakulam,Thrissur North,Guruvayoor,Guruvayoor,Punnayoor,NA
Ernakulam,Thrissur North,Guruvayoor,Chavakkad,Orumanayoor,NA
Ernakulam,Thrissur North,Guruvayoor,Chavakkad,Kadappuram,NA
Palakkad,Palakkad West,Mannarkad,Mannarkkad,Mannarkad,NA
Palakkad,Palakkad West,Shornur,Cherpulassery,Cherpulassery,NA
Palakkad,Palakkad West,Pattambi,Pattambi,Pattambi,NA
Palakkad,Palakkad East,Chittur,Chittoor,ChitturThathamangalam,NA
Alappuzha,Alappuzha South,Kayamkulam,Kayamkulam,Devikulangara Grama Panchayat,Win
Palakkad,Palakkad East,Kongad,Kongad,Parli Gramapanchayath,Win
Ernakulam,Thrissur South,Kodungallur,Kodungallur,Kodungallur,Win
Palakkad,Palakkad West,Tarur,Vadakkenchery,Kannambra Gramapanchayath,NA
Palakkad,Palakkad West,Tarur,Vadakkenchery,Vadakkenchery Gramapanchayath,NA
Palakkad,Palakkad West,Tarur,Tharur,Tarur Grampanchayat,NA
Thiruvananthapuram,Thiruvananthapuram North,Varkala,Navaikulam,Chemmaruthy Gramapanchayath,Win
Palakkad,Palakkad East,Alathur,Vandazhi,Kizhakkanchery Gramapanchayath,NA
Palakkad,Palakkad West,Tarur,Vadakkenchery,Kavassery,NA
Palakkad,Palakkad East,Alathur,Alathur,Erimayur,NA
Palakkad,Palakkad East,Alathur,Alathur,Alathur,NA
Palakkad,Palakkad East,Malampuzha,Puthussery,Kodumbu,NA
Palakkad,Wayanad,Sulthanbathery,Sulthan Bathery,Noolpuzha,Opposition
Palakkad,Palakkad East,Palakkad,Palakkad,Palakkad,Win
Thiruvananthapuram,Thiruvananthapuram South,Kovalam,Kovalam,Venganoor Gramapanchayat,Win
Alappuzha,Alappuzha South,Kayamkulam,Chettikulangara,Chettikulangara Grama Panchayat,Win
Ernakulam,Thrissur City,Manalur,Manalur,Vadanappilly,Win
Palakkad,Wayanad,Sulthanbathery,Pulpally,Pulpally,Opposition
Palakkad,Palakkad East,Nenmara,Nenmara,Nemmara Grampanchayat,NA
Palakkad,Palakkad East,Alathur,Vandazhi,Melarcode Grampanchayat,NA
Palakkad,Palakkad East,Nenmara,Nenmara,Pallassena Grampanchayat,NA
Palakkad,Palakkad East,Nenmara,Kollengode,Elavanchery Gramapanchayath,NA
Palakkad,Palakkad East,Nenmara,Kollengode,Nelliyampathy Gramapanchayath,NA
Palakkad,Palakkad East,Nenmara,Nenmara,Ayiloor,NA
Palakkad,Palakkad East,Chittur,Chittoor,Pattanchery Gramapanchayath,NA
Palakkad,Palakkad East,Chittur,Chittoor,Peruvemba Gramapanchayath,NA
Thiruvananthapuram,Pathanamthitta,Thiruvalla,Thiruvalla,Niranam Gramapanchayath,NA
Alappuzha,Alappuzha North,Alappuzha,Mararikkulam,Mararikulam North Grama Panchayat,Opposition
Palakkad,Palakkad East,Malampuzha,Malampuzha,Akathethara,Win
Thiruvananthapuram,Thiruvananthapuram North,Attingal,Attingal,Vakkom Gramapanchayath,Win
Palakkad,Palakkad West,Shornur,Shornur,Vaniyamkulam Gramapanchayath,Win
Palakkad,Palakkad East,Chittur,Chittoor,Polppulli Grampanchayat,NA
Alappuzha,Alappuzha South,Haripad,Haripad,Haripad,Win
Palakkad,Palakkad East,Chittur,Kozhinjampara,Vadakarapathy Grampanchayat,NA
Palakkad,Palakkad East,Chittur,Chittoor,Perumatty Gramapanchayath,NA
Palakkad,Palakkad East,Chittur,Kozhinjampara,Nalleppilly Gramapanchayath,NA
Palakkad,Palakkad East,Chittur,Kozhinjampara,Kozhinjampara Gramapanchayath,NA
Palakkad,Palakkad West,Mannarkad,Mannarkkad,Thenkara Gramapanchayath,Opposition
Kozhikode,Kannur South,Dharmadam,Dharmadom,Dharmadam,Opposition
Ernakulam,Thrissur South,Irinjalakuda,Aloor,Velookkara,Win
Palakkad,Palakkad West,Tarur,Tharur,Peringottukurissi Gramapanchayath,NA
Palakkad,Palakkad East,Palakkad,Pirayiri,Mathoor Grampanchayat,NA
Palakkad,Palakkad East,Alathur,Alathur,Kuzhalmannam Gramapanchayath,NA
Palakkad,Palakkad West,Tarur,Tharur,Kuthanur Grampanchayat,NA
Alappuzha,Kottayam West,Vaikom,Vaikom,Thalayazham Gramapanchayath,Opposition
Thiruvananthapuram,Thiruvananthapuram South,Kattakkada,Malayinkeezhu,Malayinkeezhu Grampanchayat,Win
Palakkad,Palakkad East,Kongad,Kongad,Mankara,NA
Palakkad,Palakkad East,Kongad,Kongad,Mannoor Grampanchayat,NA
Alappuzha,Alappuzha South,Haripad,Karthikappalli,Karthikapally gram panchayat,Win
Palakkad,Palakkad East,Kongad,Kongad,Kongad Gramapanchayath,NA
Ernakulam,Thrissur City,Manalur,Manalur,Arimbur,Win
Palakkad,Palakkad East,Palakkad,Pirayiri,Pirayiri Gramapanchayath,NA
Palakkad,Palakkad West,Mannarkad,Attappady,Sholayar,NA
Ernakulam,Thrissur City,Puthukkad,Amballur,Nenmanikkara,Win
Ernakulam,Thrissur City,Nattika,Cherpu,Chazhur,Win
Alappuzha,Alappuzha North,Ambalappuzha,Ambalappuzha,Ambalapuzha North,Opposition
Palakkad,Palakkad East,Kongad,Karimba,Thachampara Gramapanchayath,NA
Palakkad,Palakkad East,Kongad,Karimba,Kanhirapuzha Grama Panchayat,NA
Palakkad,Palakkad West,Mannarkad,Mannarkkad,Kumaramputhur gram panchayat,NA
Palakkad,Palakkad West,Mannarkad,Mannarkkad,Kottappadam Gramapanchayath,NA
Ernakulam,Thrissur City,Puthukkad,Puthukkad,Mattathur,Win
Palakkad,Palakkad West,Mannarkad,Mannarkkad,Alanallur,NA
Palakkad,Palakkad West,Ottapalam,Sreekrishnapuram,Pookottukavu Gramapanchayath,NA
Palakkad,Palakkad West,Ottapalam,Sreekrishnapuram,Thachanattukara Gramapanchayath,NA
Palakkad,Palakkad East,Kongad,Karimba,Karakurussi Gramapanchayath,NA
Palakkad,Palakkad West,Shornur,Cherpulassery,Vellinezhi Gramapanchayath,NA
Ernakulam,Thrissur North,Guruvayoor,Guruvayoor,Guruvayoor,Win
Palakkad,Palakkad West,Ottapalam,Sreekrishnapuram,Karimpuzha Gramapanchayath,NA
Palakkad,Palakkad West,Ottapalam,Sreekrishnapuram,Kadampazhipuram Gramapanchayath,NA
Palakkad,Palakkad West,Shornur,Cherpulassery,Nellaya,NA
Alappuzha,Alappuzha North,Aroor,Aroor,Thuravoor grama panchayat,Opposition
Thiruvananthapuram,Pathanamthitta,Thiruvalla,Thiruvalla,Kadapra Gramapanchayath,NA
Ernakulam,Thrissur City,Ollur,Peechi,Madakkathara,Win
Kozhikode,Kasaragod,Manjeshwaram,Manjeshwar,Paivalike,Win
Alappuzha,Kottayam West,Vaikom,Vaikom,TV Puram Grama Panchayat,Opposition
Palakkad,Palakkad West,Shornur,Shornur,Ananganadi,NA
Thiruvananthapuram,Thiruvananthapuram North,Attingal,Attingal,Attingal,Win
Palakkad,Palakkad West,Thrithala,Thrithala,Parathur Gramapanchayath,NA
Palakkad,Palakkad West,Pattambi,Koppam,Vilayur Gramapanchayath,NA
Palakkad,Palakkad West,Pattambi,Koppam,Thiruvegappura Gramapanchayath,NA
Thiruvananthapuram,Thiruvananthapuram North,Chirayinkeezhu,Kadakkavoor,Mudakkal Gramapanchayath,Win
Palakkad,Palakkad West,Pattambi,Pattambi,Muthuthala Gramapanchayath,NA
Palakkad,Palakkad West,Pattambi,Koppam,Kulukkallur Gramapanchayath,NA
Palakkad,Palakkad West,Pattambi,Koppam,Koppam Gramapanchayath,NA
Palakkad,Palakkad West,Thrithala,Thrithala,Thrithala Grampanchayat,NA
Palakkad,Palakkad East,Palakkad,Pirayiri,Kannadi Gramapanchayath,Opposition
Palakkad,Palakkad West,Thrithala,Kappur,Pattithara Gramapanchayath,NA
Ernakulam,Thrissur South,Irinjalakuda,Irinjalakuda,Irinjalakuda,Win
Palakkad,Palakkad West,Thrithala,Kappur,Kappoor Gramapanchayath,NA
Palakkad,Palakkad West,Thrithala,Kappur,Chalissery Gramapanchayath,NA
Palakkad,Palakkad West,Thrithala,Kappur,Anakkara,NA
Palakkad,Malappuram Central,Kondotty,Kondotty,Kondotty,NA
Palakkad,Malappuram West,Thirurangadi,Tirurangadi,Tirurangadi,NA
Palakkad,Malappuram Central,Kottakkal,Kuttippuram,Valanchery,NA
Palakkad,Malappuram West,Thirurangadi,Tirurangadi,Parappanangadi,NA
Ernakulam,Thrissur City,Nattika,Cherpu,Thanniam,Win
Palakkad,Malappuram East,Nilambur,Nilambur,Nilambur,NA
Palakkad,Malappuram Central,Kottakkal,Kottakkal,Kottakkal,NA
Palakkad,Malappuram East,Manjeri,Manjeri,Manjeri,NA
Palakkad,Malappuram Central,Malappuram,Malappuram,Malappuram,NA
Palakkad,Malappuram East,Perinthalamanna,Perinthalmanna,Perinthalmanna,NA
Palakkad,Malappuram West,Tirur,Tirur,Tirur,NA
Palakkad,Malappuram West,Ponnani,Ponnani,Ponnani,NA
Palakkad,Malappuram West,Ponnani,Changaramkulam,Veliyancode,NA
Palakkad,Malappuram West,Ponnani,Changaramkulam,Perumbadappu,NA
Palakkad,Malappuram West,Ponnani,Changaramkulam,Nannamukku,NA
Palakkad,Malappuram West,Ponnani,Ponnani,Marancherry Grama Panchayath Boundary,NA
Palakkad,Malappuram West,Ponnani,Changaramkulam,Alamkode,NA
Palakkad,Malappuram West,Thavanur,Thavanur,Kaladi,NA
Ernakulam,Thrissur City,Nattika,Nattika,Valappad,Win
Palakkad,Malappuram West,Thavanur,Thavanur,Vattamkulam,NA
Palakkad,Malappuram West,Thavanur,Thavanur,Tanur,NA
Palakkad,Malappuram West,Tirur,Thirunavaya,Thirunavaya,NA
Palakkad,Malappuram West,Tirur,Tirur,Thalakkad,NA
Palakkad,Malappuram West,Tirur,Tirur,Vettom,NA
Palakkad,Malappuram West,Thavanur,Thrippangodu,Thrippengode,NA
Palakkad,Malappuram West,Thavanur,Thrippangodu,Mangalam,NA
Palakkad,Malappuram West,Thavanur,Thrippangodu,Purathoor,NA
Palakkad,Malappuram West,Vallikkunnu,Pallikkal,Peruvalloor,NA
Ernakulam,Thrissur City,Nattika,Cherpu,Paralam,Win
Palakkad,Malappuram West,Vallikkunnu,Vallikkunnu,Thenhippalam,NA
Palakkad,Malappuram West,Vallikkunnu,Vallikkunnu,Moonniyur,NA
Palakkad,Malappuram West,Thirurangadi,Edarikkodu,Nannambra,NA
Palakkad,Malappuram West,Thirurangadi,Edarikkodu,Edarikkode,NA
Palakkad,Malappuram Central,Vengara,Parappur,Oorakam,NA
Palakkad,Malappuram Central,Vengara,Vengara,Kannamangalam,NA
Palakkad,Malappuram Central,Vengara,Vengara,Vengara,NA
Palakkad,Malappuram West,Thirurangadi,Edarikkodu,Thennela,NA
Palakkad,Malappuram Central,Vengara,Parappur,Parappoor,NA
Palakkad,Malappuram Central,Vengara,Vengara,Abdurahiman Nagar,NA
Palakkad,Malappuram West,Thirurangadi,Edarikkodu,Perumanna Klari,NA
Palakkad,Malappuram West,Tirur,Thirunavaya,Valavannur,NA
Palakkad,Malappuram West,Tanur,Tanur,Thanalur,NA
Palakkad,Malappuram West,Tanur,Tanur,Niramarutur,NA
Palakkad,Malappuram West,Tanur,Ponmundam,Ozhoor,NA
Palakkad,Malappuram West,Tanur,Ponmundam,Cheriyamundam,NA
Palakkad,Malappuram West,Tanur,Ponmundam,Ponmundam,NA
Palakkad,Malappuram West,Tirur,Thirunavaya,Kalpakancheri,NA
Palakkad,Malappuram Central,Kottakkal,Kuttippuram,Kuttippuram,NA
Palakkad,Malappuram Central,Kottakkal,Kottakkal,Marakkara,NA
Palakkad,Malappuram Central,Kottakkal,Kuttippuram,Irumbiliyum,NA
Palakkad,Malappuram Central,Kottakkal,Kuttippuram,Edayur,NA
Palakkad,Malappuram West,Tirur,Thirunavaya,Athavanad,NA
Palakkad,Malappuram Central,Mankada,Mankada,Mankada,NA
Palakkad,Malappuram Central,Mankada,Mankada,Makkaraparamba,NA
Palakkad,Malappuram Central,Mankada,Kolathur,Moorkanade,NA
Palakkad,Malappuram Central,Mankada,Mankada,Puzhakkatiri,NA
Palakkad,Malappuram Central,Mankada,Kolathur,Koottilangadi,NA
Palakkad,Malappuram Central,Mankada,Kolathur,Kuruva,NA
Palakkad,Malappuram Central,Mankada,Mankada,Angadippuram,NA
Palakkad,Malappuram East,Perinthalamanna,Elamkulam,Pulamanthole,NA
Palakkad,Malappuram East,Perinthalamanna,Perinthalmanna,Vettattur,NA
Palakkad,Malappuram East,Perinthalamanna,Perinthalmanna,Tazhekkod,NA
Palakkad,Malappuram East,Manjeri,Pandikkad,Keezhattur,NA
Palakkad,Malappuram East,Perinthalamanna,Perinthalmanna,Melattur,NA
Palakkad,Malappuram East,Perinthalamanna,Elamkulam,Elamkulam,NA
Palakkad,Malappuram East,Perinthalamanna,Elamkulam,Aliparamba,NA
Palakkad,Malappuram Central,Malappuram,Malappuram,Kodur,NA
Palakkad,Malappuram Central,Vengara,Parappur,Othukkungal,NA
Palakkad,Malappuram Central,Malappuram,Pookkottur,Pookkottur,NA
Palakkad,Malappuram Central,Kottakkal,Kottakkal,Ponmala,NA
Palakkad,Malappuram Central,Malappuram,Pookkottur,Morayur,NA
Palakkad,Malappuram Central,Malappuram,Malappuram,Anakayam,NA
Palakkad,Malappuram East,Ernaad,Edavanna,Edavanna,NA
Palakkad,Malappuram Central,Malappuram,Pookkottur,Pulpatta,NA
Palakkad,Malappuram Central,Kondotty,Vazhakkad,Cheekkode,NA
Palakkad,Malappuram East,Ernaad,Eranad,Kuzhimanna,NA
Palakkad,Malappuram East,Ernaad,Eranad,Keezhuparamba,NA
Palakkad,Malappuram East,Ernaad,Eranad,Kavanur,NA
Palakkad,Malappuram East,Ernaad,Edavanna,Urangattiri,NA
Palakkad,Malappuram East,Ernaad,Eranad,Areacode,NA
Palakkad,Malappuram East,Manjeri,Pandikkad,Edapatta,NA
Palakkad,Malappuram East,Nilambur,Nilambur,Karulai,NA
Palakkad,Malappuram East,Nilambur,Nilambur,Amarambalam,NA
Palakkad,Malappuram East,Wandoor,Kalikkavu,Thuvoor,NA
Palakkad,Malappuram East,Wandoor,Kalikkavu,Karuvarakundu,NA
Palakkad,Malappuram East,Wandoor,Kalikkavu,Chokkad,NA
Palakkad,Malappuram East,Wandoor,Kalikkavu,Kalikavu,NA
Palakkad,Malappuram East,Manjeri,Manjeri,Thrikkalangode,NA
Palakkad,Malappuram East,Manjeri,Pandikkad,Pandikkad,NA
Palakkad,Malappuram East,Wandoor,Wandoor,Porur,NA
Palakkad,Malappuram East,Wandoor,Wandoor,Mampad,NA
Palakkad,Malappuram East,Wandoor,Wandoor,Thiruvali,NA
Palakkad,Malappuram East,Wandoor,Wandoor,Wandoor,NA
Ernakulam,Thrissur South,Irinjalakuda,Aloor,Poomangalam,Win
Palakkad,Malappuram Central,Kondotty,Vazhakkad,Muthuvallur,NA
Palakkad,Malappuram Central,Kondotty,Kondotty,Pulikkal,NA
Palakkad,Malappuram Central,Kondotty,Vazhakkad,Vazhakkad,NA
Alappuzha,Alappuzha North,Alappuzha,Alappuzha,Aryad,Opposition
Kozhikode,Kasaragod,Kasargod,Badiadka,Kumbadaje,Win
Palakkad,Malappuram Central,Kondotty,Kondotty,Cherukavu,NA
Palakkad,Malappuram East,Ernaad,Edavanna,Chaliyar,NA
Palakkad,Malappuram East,Nilambur,Nilambur,Chungathara,NA
Palakkad,Malappuram East,Nilambur,Edakkara,Moothedam,NA
Palakkad,Malappuram East,Nilambur,Edakkara,Edakkara,NA
Palakkad,Malappuram East,Nilambur,Edakkara,Pothukal,NA
Palakkad,Malappuram East,Nilambur,Edakkara,Vazhikkadavu,NA
Kozhikode,Kozhikode City,Beypore,Ramanattukara,Feroke,NA
Kozhikode,Kozhikode Rural,Thiruvambady,Mukkam,Mukkam,NA
Kozhikode,Kozhikode Rural,Koduvally,Koduvally,Koduvally,NA
Kozhikode,Kozhikode City,Beypore,Ramanattukara,Ramanattukara,NA
Kozhikode,Kozhikode North,Koyilandy,Payyoli,Payyoli,NA
Kozhikode,Kozhikode North,Vatakara,Vadakara,Vatakara,NA
Kozhikode,Kozhikode North,Koyilandy,Koyilandy,Koyilandy,NA
Kozhikode,Kozhikode City,Kunnamangalam,Olavanna,Olavanna,NA
Kozhikode,Kozhikode City,Beypore,Ramanattukara,Kadalundi,NA
Kozhikode,Kozhikode City,Kunnamangalam,Edarikkodu,Perumanna,NA
Kozhikode,Kozhikode City,Kunnamangalam,Olavanna,Peruvayal,NA
Kozhikode,Kozhikode City,Kunnamangalam,Kunnamangalam,Chathamangalam,NA
Ernakulam,Thrissur City,Manalur,Manalur,Manalur,Win
Kozhikode,Kozhikode Rural,Thiruvambady,Mukkam,Karassery,NA
Kozhikode,Kozhikode City,Kunnamangalam,Kunnamangalam,Mavoor,NA
Kozhikode,Kozhikode Rural,Elathur,Chelannur,Kuruvattoor,NA
Kozhikode,Kozhikode Rural,Thiruvambady,Mukkam,Kodiyathur,NA
Kozhikode,Kozhikode Rural,Thiruvambady,Thiruvambady,Kodanchery,NA
Kozhikode,Kozhikode Rural,Koduvally,Thamarassery,Kattippara,NA
Kozhikode,Kozhikode Rural,Koduvally,Thamarassery,Omassery,NA
Kozhikode,Kozhikode Rural,Koduvally,Thamarassery,Thamarassery,NA
Kozhikode,Kozhikode Rural,Thiruvambady,Thiruvambady,Puthuppadi,NA
Kozhikode,Kozhikode Rural,Koduvally,Koduvally,Madavoor,NA
Kozhikode,Kozhikode Rural,Koduvally,Thamarassery,Kizhakkoth,NA
Kozhikode,Kozhikode Rural,Thiruvambady,Mukkam,Koodaranhi,NA
Kozhikode,Kozhikode Rural,Thiruvambady,Thiruvambady,Thiruvambadi,NA
Kozhikode,Kozhikode Rural,Elathur,Elathur,Thalakulathur,NA
Kozhikode,Kozhikode Rural,Koduvally,Koduvally,Narikunni,NA
Ernakulam,Thrissur South,Irinjalakuda,Irinjalakuda,Padiyoor,Win
Kozhikode,Kasaragod,Manjeshwaram,Manjeshwar,Meenja,Win
Kozhikode,Kozhikode Rural,Elathur,Chelannur,Chelannur,NA
Kozhikode,Kozhikode Rural,Elathur,Elathur,Kakkodi,NA
Kozhikode,Kozhikode Rural,Balussery,Balussery,Atholi,NA
Thiruvananthapuram,Thiruvananthapuram South,Kovalam,Kovalam,Kalliyoor Gramapanchayath,Win
Kozhikode,Kozhikode North,Koyilandy,Payyoli,Moodadi,NA
Kozhikode,Kozhikode North,Perambra,Meppayur,Arikkulam,NA
Kozhikode,Kozhikode North,Koyilandy,Koyilandy,Chemanchery,NA
Kozhikode,Kozhikode Rural,Balussery,Ulliyeri,Koorachundu,NA
Kozhikode,Kozhikode Rural,Balussery,Balussery,Panangad,NA
Kozhikode,Kozhikode Rural,Balussery,Balussery,Unnikulam,NA
Kozhikode,Kozhikode Rural,Balussery,Ulliyeri,Ulliyeri,NA
Kozhikode,Kozhikode Rural,Balussery,Ulliyeri,Kottur,NA
Kozhikode,Kozhikode Rural,Balussery,Ulliyeri,Naduvannur,NA
Kozhikode,Kozhikode Rural,Balussery,Balussery,Balussery,NA
Kozhikode,Kozhikode North,Perambra,Perambra,Chakkittapara,NA
Kozhikode,Kozhikode North,Perambra,Perambra,Perambra,NA
Kozhikode,Kozhikode North,Perambra,Perambra,Koothali,NA
Kozhikode,Kozhikode Rural,Balussery,Ulliyeri,Kayanna,NA
Kozhikode,Kozhikode North,Perambra,Perambra,Changaroth,NA
Kozhikode,Kozhikode North,Perambra,Meppayur,Nochad,NA
Kozhikode,Kozhikode North,Perambra,Perambra,Cheruvannur,NA
Kozhikode,Kozhikode North,Perambra,Meppayur,Meppayur,NA
Kozhikode,Kozhikode North,Koyilandy,Payyoli,Thikkodi,NA
Kozhikode,Kozhikode North,Perambra,Meppayur,Keezhariyur,NA
Kozhikode,Kozhikode North,Perambra,Meppayur,Thurayur,NA
Kozhikode,Kozhikode North,Kuttiady,Villiappally,Thiruvallur,NA
Kozhikode,Kozhikode North,Kuttiady,Villiappally,Maniyur,NA
Kozhikode,Kozhikode North,Kuttiady,Villiappally,Villiappally,NA
Kozhikode,Kozhikode North,Kuttiady,Villiappally,Ayancheri,NA
Kozhikode,Kozhikode North,Nadapuram,Naripatta,Narippatta,NA
Kozhikode,Kozhikode North,Nadapuram,Naripatta,Maruthonkara,NA
Kozhikode,Kozhikode North,Kuttiady,Kuttiady,Kuttiadi,NA
Kozhikode,Kozhikode North,Nadapuram,Naripatta,Kavilumpara,NA
Kozhikode,Kozhikode North,Nadapuram,Naripatta,Kayakkody,NA
Kozhikode,Kozhikode North,Kuttiady,Kuttiady,Velom,NA
Kozhikode,Kozhikode North,Kuttiady,Kuttiady,Kunnummal,NA
Kozhikode,Kozhikode North,Nadapuram,Nadapuram,Nadapuram,NA
Kozhikode,Kozhikode North,Nadapuram,Nadapuram,Edacheri,NA
Kozhikode,Kozhikode North,Nadapuram,Naripatta,Vanimal,NA
Kozhikode,Kozhikode North,Nadapuram,Nadapuram,Valayam,NA
Kozhikode,Kozhikode North,Nadapuram,Nadapuram,Tuneri,NA
Kozhikode,Kozhikode North,Kuttiady,Kuttiady,Purameri,NA
Kozhikode,Kozhikode North,Nadapuram,Nadapuram,Chekkiad,NA
Kozhikode,Kozhikode North,Vatakara,Onchiyam,Onchiyam,NA
Kozhikode,Kozhikode North,Vatakara,Onchiyam,Eramala,NA
Kozhikode,Kozhikode North,Vatakara,Vadakara,Chorode,NA
Kozhikode,Kozhikode North,Vatakara,Onchiyam,Azhiyur,NA
Kozhikode,Kozhikode City,Kozhikode North,Kozhikode North,Kozhikode,NA
Kozhikode,Kozhikode City,Kozhikode South,Kozhikode South,Kozhikode,NA
Kozhikode,Kozhikode City,Beypore,Puthiyara,Kozhikode,NA
Kozhikode,Kozhikode City,Kozhikode North,Nadakkavu,Kozhikode,NA
Kozhikode,Kozhikode City,Beypore,Beypore,Kozhikode,NA
Palakkad,Wayanad,Sulthanbathery,Sulthan Bathery,Sulthan Bathery,NA
Palakkad,Wayanad,Mananthavady,Mananthavady,Mananthavady,NA
Palakkad,Wayanad,Kalpetta,Kalpetta,Kalpetta,NA
Palakkad,Wayanad,Sulthanbathery,Pulpally,Mullankolly,NA
Ernakulam,Thrissur City,Nattika,Nattika,Nattika,Win
Ernakulam,Thrissur City,Nattika,Cherpu,Cherpu,Win
Palakkad,Wayanad,Kalpetta,Padinjarathara,Kaniyambetta,NA
Palakkad,Wayanad,Mananthavady,Panamaram,Panamaram,NA
Palakkad,Wayanad,Kalpetta,Padinjarathara,Padinharathara,NA
Palakkad,Wayanad,Kalpetta,Kalpetta,Muttil,NA
Kozhikode,Kasaragod,Kasargod,Badiadka,Badiadka,Win
Palakkad,Wayanad,Kalpetta,Kalpetta,Mupainad,NA
Palakkad,Wayanad,Kalpetta,Kalpetta,Meppadi,NA
Palakkad,Wayanad,Kalpetta,Padinjarathara,Thariode,NA
Palakkad,Wayanad,Kalpetta,Padinjarathara,Pozhuthana,NA
Palakkad,Wayanad,Kalpetta,Kalpetta,Vythiri,NA
Palakkad,Palakkad East,Malampuzha,Puthussery,Pudusserri Gramapanchayath,Opposition
Palakkad,Wayanad,Sulthanbathery,Pulpally,Meenangadi,NA
Palakkad,Wayanad,Sulthanbathery,Sulthan Bathery,Ambalavayal,NA
Kozhikode,Kasaragod,Kasargod,Kasaragod,Madhur,Win
Ernakulam,Thrissur South,Irinjalakuda,Irinjalakuda,Karalam,Win
Palakkad,Wayanad,Mananthavady,Mananthavady,Thavinhal,NA
Palakkad,Wayanad,Mananthavady,Panamaram,Edavaka,NA
Alappuzha,Alappuzha North,Ambalappuzha,Ambalappuzha,Punnapra South grama panchayat,Opposition
Palakkad,Wayanad,Mananthavady,Mananthavady,Thirunelly,NA
Palakkad,Wayanad,Mananthavady,Panamaram,Vellamunda,NA
Kozhikode,Kannur North,Thaliparambu,Mayyil,Anthoor,NA
Kozhikode,Kannur North,Irikkur,Irikkur,Sreekandapuram,NA
Kozhikode,Kannur South,Kuthuparamba,Panoor,Panoor,NA
Kozhikode,Kasaragod,Kasargod,Kasaragod,Kasaragod,Opposition
Kozhikode,Kannur North,Payyannur,Payyannur,Payyannur,NA
Thiruvananthapuram,Thiruvananthapuram North,Attingal,Attingal,Ottoor Grampachayat,Win
Kozhikode,Kannur South,Kuthuparamba,Kuthuparamba,Koothuparamba,NA
Kozhikode,Kannur North,Thaliparambu,Thaliparambu,Thaliparambu,NA
Kozhikode,Kannur South,Peravoor,Peravoor,Peravoor,NA
Kozhikode,Kannur South,Mattannur,Chittariparamba,Malur,NA
Kozhikode,Kannur South,Mattannur,Chittariparamba,Kolayad,NA
Ernakulam,Thrissur City,Puthukkad,Puthukkad,Parappookkara,Win
Kozhikode,Kannur South,Peravoor,Peravoor,Kottiyoor,NA
Kozhikode,Kannur South,Peravoor,Peravoor,Kelakam,NA
Kozhikode,Kannur South,Peravoor,Peravoor,Kanichar,NA
Kozhikode,Kannur South,Peravoor,Iritty,Payam,NA
Kozhikode,Kannur South,Mattannur,Mattannur,Koodali,NA
Kozhikode,Kannur South,Mattannur,Mattannur,Thillankery,NA
Kozhikode,Kannur South,Mattannur,Mattannur,Keezhallur,NA
Kozhikode,Kannur South,Peravoor,Iritty,Ayyankunnu,NA
Kozhikode,Kannur South,Peravoor,Iritty,Aralam,NA
Kozhikode,Kannur South,Thalassery,Kathiroor,Kadirur,NA
Alappuzha,Kottayam West,Ettumanoor,Kumarakom,Aymanam,Opposition
Kozhikode,Kannur South,Thalassery,Kathiroor,Panniyannur,NA
Kozhikode,Kannur South,Thalassery,Kathiroor,Chokli,NA
Kozhikode,Kannur South,Kuthuparamba,Kuthuparamba,Kottayam,NA
Kozhikode,Kannur South,Mattannur,Chittariparamba,Mangattidam,NA
Kozhikode,Kannur South,Kuthuparamba,Panoor,Kunnothuparamba,NA
Kozhikode,Kannur South,Kuthuparamba,Kuthuparamba,Pattiam,NA
Kozhikode,Kannur South,Mattannur,Chittariparamba,Chittariparamba,NA
Ernakulam,Thrissur City,Nattika,Cherpu,Avinissery,Win
Kozhikode,Kannur South,Dharmadam,Chakkarakkal,Anjarakandy,NA
Kozhikode,Kannur South,Thalassery,Thalassery,New Mahe,NA
Kozhikode,Kannur South,Dharmadam,Dharmadom,Pinarayi,NA
Kozhikode,Kannur South,Thalassery,Kathiroor,Eranholi,NA
Palakkad,Palakkad West,Ottapalam,Sreekrishnapuram,Sreekrishnapuram Grampanchayat,Opposition
Kozhikode,Kannur South,Dharmadam,Chakkarakkal,Vengad,NA
Kozhikode,Kannur South,Dharmadam,Dharmadom,Muzhappilangad,NA
Kozhikode,Kannur South,Dharmadam,Chakkarakkal,Peralassery,NA
Kozhikode,Kannur South,Dharmadam,Dharmadom,Kadambur,NA
Kozhikode,Kannur South,Dharmadam,Chakkarakkal,Chembilode,NA
Kozhikode,Kannur North,Kannur,Edakkad,Munderi,NA
Kozhikode,Kannur North,Thaliparambu,Mayyil,Kolacherry,NA
Kozhikode,Kannur North,Azhikode,Chirakkal,Pappinisseri,NA
Kozhikode,Kannur North,Azhikode,Azhikode,Azhikode,NA
Kozhikode,Kannur North,Azhikode,Chirakkal,Valapattanam,NA
Kozhikode,Kannur North,Azhikode,Chirakkal,Chirakkal,NA
Kozhikode,Kannur North,Thaliparambu,Mayyil,Kuttiatoor,NA
Kozhikode,Kannur North,Irikkur,Irikkur,Ulikkal,NA
Kozhikode,Kannur South,Mattannur,Mattannur,Padiyoor,NA
Kozhikode,Kannur North,Thaliparambu,Mayyil,Mayyil,NA
Kozhikode,Kannur North,Irikkur,Irikkur,Payyavoor,NA
Kozhikode,Kannur North,Thaliparambu,Mayyil,Malappattam,NA
Kozhikode,Kannur North,Irikkur,Irikkur,Eruvessy,NA
Kozhikode,Kannur North,Irikkur,Irikkur,Irikkur,NA
Kozhikode,Kannur North,Kalliasseri,Madayi,Kadannappally-Panapuzha,NA
Kozhikode,Kannur North,Kalliasseri,Kalliassery,Pattuvam,NA
Kozhikode,Kannur North,Thaliparambu,Thaliparambu,PariyaaramKannur,NA
Kozhikode,Kannur North,Thaliparambu,Thaliparambu,Kurumathur,NA
Kozhikode,Kannur North,Irikkur,Alakkode,Chengalayi,NA
Kozhikode,Kannur North,Thaliparambu,Thaliparambu,Chapparapadavu,NA
Kozhikode,Kannur North,Irikkur,Alakkode,Naduvil,NA
Kozhikode,Kannur North,Irikkur,Alakkode,Alakode,NA
Kozhikode,Kannur North,Irikkur,Alakkode,Udayagiri,NA
Kozhikode,Kannur North,Payyannur,Payyannur,Ramanthali,NA
Kozhikode,Kannur North,Kalliasseri,Madayi,Kunhimangalam,NA
Kozhikode,Kannur North,Payyannur,Payyannur,Karvellur-Peralam,NA
Kozhikode,Kannur North,Payyannur,Perongome,Kankol-Alappadamba,NA
Kozhikode,Kannur North,Payyannur,Perongome,Eramam-Kuttur,NA
Kozhikode,Kannur North,Payyannur,Perongome,Perongome-Vayakkara,NA
Kozhikode,Kannur North,Payyannur,Perongome,Cherupuzha,NA
Kozhikode,Kannur North,Azhikode,Chirakkal,Narath,NA
Kozhikode,Kannur North,Kalliasseri,Kalliassery,Kalliasseri,NA
Kozhikode,Kannur North,Kalliasseri,Kalliassery,Kannapuram,NA
Kozhikode,Kannur North,Kalliasseri,Kalliassery,Mattool,NA
Kozhikode,Kannur North,Kalliasseri,Kalliassery,Cherukunnu,NA
Kozhikode,Kannur North,Kalliasseri,Madayi,Ezhome,NA
Kozhikode,Kannur North,Kalliasseri,Madayi,Madayi,NA
Kozhikode,Kannur North,Kalliasseri,Madayi,Cheruthazham,NA
Kozhikode,Kannur North,Azhikode,Azhikode,Kannur,NA
Kozhikode,Kasaragod,Thrikaripur,Nileshwaram,Nileswaram,NA
Kozhikode,Kasaragod,Manjeshwaram,Kumbla,Enmakaje,Win
Kozhikode,Kasaragod,Kanhangad,Kanhangad,Kanhangad,NA
Kozhikode,Kasaragod,Thrikaripur,Trikaripur,Thrikkarippur,NA
Kozhikode,Kasaragod,Thrikaripur,Trikaripur,Pilicode,NA
Kozhikode,Kasaragod,Thrikaripur,Trikaripur,Padanna,NA
Kozhikode,Kasaragod,Thrikaripur,Trikaripur,Valiyaparampa,NA
Kozhikode,Kasaragod,Thrikaripur,Nileshwaram,Cheruvathur,NA
Kozhikode,Kasaragod,Thrikaripur,Nileshwaram,Kayyur-Chimeni,NA
Kozhikode,Kasaragod,Thrikaripur,Nileshwaram,East Eleri,NA
Kozhikode,Kasaragod,Thrikaripur,Nileshwaram,West Eleri,NA
Kozhikode,Kasaragod,Kanhangad,Vellarikundu,Kinanur-Karindalam,NA
Kozhikode,Kasaragod,Kanhangad,Vellarikundu,Balal,NA
Kozhikode,Kasaragod,Kanhangad,Vellarikundu,Pananthadi,NA
Kozhikode,Kasaragod,Kanhangad,Vellarikundu,Kallar,NA
Kozhikode,Kasaragod,Kanhangad,Vellarikundu,Kodom-Belur,NA
Kozhikode,Kasaragod,Kanhangad,Kanhangad,Madikai,NA
Kozhikode,Kasaragod,Udma,Udma,Pullur-Periya,NA
Kozhikode,Kasaragod,Kanhangad,Kanhangad,Ajanur,NA
Kozhikode,Kasaragod,Udma,Udma,Pallikkara,NA
Kozhikode,Kasaragod,Udma,Udma,Uduma,NA
Kozhikode,Kasaragod,Kasargod,Badiadka,Chengala,NA
Thiruvananthapuram,Pathanamthitta,Thiruvalla,Mallappally,Anikkadu,NA
Kozhikode,Kasaragod,Kasargod,Badiadka,Beloor,Win
Ernakulam,Thrissur City,Puthukkad,Puthukkad,Vallachira,Win
Thiruvananthapuram,Thiruvananthapuram City,Nemom,Attukal,Thiruvananthapuram,Win
Thiruvananthapuram,Thiruvananthapuram City,Kazhakkoottam,Kazhakkoottam,Thiruvananthapuram,Win
Thiruvananthapuram,Thiruvananthapuram South,Kovalam,Kovalam,Thiruvananthapuram,Win
Ernakulam,Thrissur City,Ollur,Ollur,Thrissur,Win
Thiruvananthapuram,Thiruvananthapuram City,Nemom,Nemom,Thiruvananthapuram,Win
Kozhikode,Kasaragod,Manjeshwaram,Kumbla,Mangalpaddy,NA
Ernakulam,Thrissur City,Thrissur,Thrissur East,Thrissur,Win
Thiruvananthapuram,Thiruvananthapuram City,Vattiyoorkkavu,Pattom,Thiruvananthapuram,Win
Thiruvananthapuram,Thiruvananthapuram City,Thiruvananthapuram,Thiruvananthapuram Central,Thiruvananthapuram,Win
Kozhikode,Kasaragod,Udma,Muliyar,Kuttikol,NA
Kozhikode,Kasaragod,Udma,Muliyar,Bedadka,NA
Ernakulam,Thrissur City,Thrissur,Thrissur West,Thrissur,Win
Kozhikode,Kasaragod,Udma,Muliyar,Muliyar,NA
Thiruvananthapuram,Thiruvananthapuram City,Thiruvananthapuram,Thiruvananthapuram West,Thiruvananthapuram,Win
Thiruvananthapuram,Thiruvananthapuram City,Kazhakkoottam,Ulloor,Thiruvananthapuram,Win
Thiruvananthapuram,Thiruvananthapuram City,Vattiyoorkkavu,Vattiyoorkkavu,Thiruvananthapuram,Win
,,,,,
Thiruvananthapuram,Thiruvananthapuram City,Kazhakkoottam,Kazhakkoottam,Kazhakkuttom,NA
Thiruvananthapuram,Thiruvananthapuram City,Kazhakkoottam,Kazhakkoottam,Sainika School,NA
Thiruvananthapuram,Thiruvananthapuram City,Kazhakkoottam,Kazhakkoottam,Chanthavila,NA
Thiruvananthapuram,Thiruvananthapuram City,Kazhakkoottam,Kazhakkoottam,Kattaikonam,NA
Thiruvananthapuram,Thiruvananthapuram City,Kazhakkoottam,Kazhakkoottam,Njandoorkonam,Win
Thiruvananthapuram,Thiruvananthapuram City,Kazhakkoottam,Kazhakkoottam,Powdikonam,Win
Thiruvananthapuram,Thiruvananthapuram City,Kazhakkoottam,Kazhakkoottam,Chenkottukonam,NA
Thiruvananthapuram,Thiruvananthapuram City,Kazhakkoottam,Kazhakkoottam,Chempazhanthy,Win
Thiruvananthapuram,Thiruvananthapuram City,Kazhakkoottam,Kazhakkoottam,Kariavattom,NA
Thiruvananthapuram,Thiruvananthapuram City,Kazhakkoottam,Kazhakkoottam,Pangappara,NA
Thiruvananthapuram,Thiruvananthapuram City,Kazhakkoottam,Kazhakkoottam,Sreekariyam,NA
Thiruvananthapuram,Thiruvananthapuram City,Kazhakkoottam,Kazhakkoottam,Chellamangalam,Win
Thiruvananthapuram,Thiruvananthapuram City,Kazhakkoottam,Kazhakkoottam,Mannanthala,NA
Thiruvananthapuram,Thiruvananthapuram City,Vattiyoorkavu,Pattom,Pathirapalli,NA
Thiruvananthapuram,Thiruvananthapuram City,Vattiyoorkavu,Pattom,Ambalamukku,NA
Thiruvananthapuram,Thiruvananthapuram City,Vattiyoorkavu,Pattom,Kudappanakunnu,NA
Thiruvananthapuram,Thiruvananthapuram City,Vattiyoorkavu,Pattom,Thuruthummoola,Win
Thiruvananthapuram,Thiruvananthapuram City,Vattiyoorkavu,Vattiyoorkkavu,Nettayam,Win
Thiruvananthapuram,Thiruvananthapuram City,Vattiyoorkavu,Vattiyoorkkavu,Kachani,NA
Thiruvananthapuram,Thiruvananthapuram City,Vattiyoorkavu,Vattiyoorkkavu,Vazhottukonam,NA
Thiruvananthapuram,Thiruvananthapuram City,Vattiyoorkavu,Vattiyoorkkavu,Kodunganoor,Win
Thiruvananthapuram,Thiruvananthapuram City,Vattiyoorkavu,Vattiyoorkkavu,Vattiyoorkavu,Win
Thiruvananthapuram,Thiruvananthapuram City,Vattiyoorkavu,Vattiyoorkkavu,Kanjirampara,Win
Thiruvananthapuram,Thiruvananthapuram City,Vattiyoorkavu,Pattom,Peroorkada,NA
Thiruvananthapuram,Thiruvananthapuram City,Vattiyoorkavu,Vattiyoorkkavu,Kowdiar,Win
Thiruvananthapuram,Thiruvananthapuram City,Vattiyoorkavu,Pattom,Kuravankonam,NA
Thiruvananthapuram,Thiruvananthapuram City,Vattiyoorkavu,Pattom,Muttada,NA
Thiruvananthapuram,Thiruvananthapuram City,Vattiyoorkavu,Pattom,Chettivilakam,Win
Thiruvananthapuram,Thiruvananthapuram City,Vattiyoorkavu,Pattom,Kinavoor,NA
Thiruvananthapuram,Thiruvananthapuram City,Vattiyoorkavu,Pattom,Nalanchira,NA
Thiruvananthapuram,Thiruvananthapuram City,Kazhakkoottam,Kazhakkoottam,Edavacode,NA
Thiruvananthapuram,Thiruvananthapuram City,Kazhakkoottam,Ulloor,Ulloor,NA
Thiruvananthapuram,Thiruvananthapuram City,Kazhakkoottam,Ulloor,Medical College,NA
Thiruvananthapuram,Thiruvananthapuram City,Vattiyoorkavu,Pattom,Pattom,Win
Thiruvananthapuram,Thiruvananthapuram City,Vattiyoorkavu,Pattom,Kesavadasapuram,NA
Thiruvananthapuram,Thiruvananthapuram City,Vattiyoorkavu,Pattom,Gowreeshapattom,NA
Thiruvananthapuram,Thiruvananthapuram City,Vattiyoorkavu,Pattom,Kunnukuzhy,NA
Thiruvananthapuram,Thiruvananthapuram City,Vattiyoorkavu,Pattom,Nanthancode,NA
Thiruvananthapuram,Thiruvananthapuram City,Thiruvananthapuram,Thiruvananthapuram Central,Palayam,NA
Thiruvananthapuram,Thiruvananthapuram City,Thiruvananthapuram,Thiruvananthapuram Central,Vazhuthacaud,NA
Thiruvananthapuram,Thiruvananthapuram City,Vattiyoorkavu,Vattiyoorkkavu,Sasthamangalam,Win
Thiruvananthapuram,Thiruvananthapuram City,Vattiyoorkavu,Vattiyoorkkavu,Pangode,Win
Thiruvananthapuram,Thiruvananthapuram City,Nemom,Nemom,Thirumala,Win
Thiruvananthapuram,Thiruvananthapuram City,Vattiyoorkavu,Vattiyoorkkavu,Valiyavila,Win
Thiruvananthapuram,Thiruvananthapuram City,Nemom,Nemom,Thrikkannapuram,Win
Thiruvananthapuram,Thiruvananthapuram City,Nemom,Nemom,Punnakkamugal,Win
Thiruvananthapuram,Thiruvananthapuram City,Nemom,Nemom,Poojappura,Win
Thiruvananthapuram,Thiruvananthapuram City,Thiruvananthapuram,Thiruvananthapuram Central,Jagathy,Win
Thiruvananthapuram,Thiruvananthapuram City,Thiruvananthapuram,Thiruvananthapuram Central,Thycaud,NA
Thiruvananthapuram,Thiruvananthapuram City,Thiruvananthapuram,Thiruvananthapuram Central,Valiyasala,Win
Thiruvananthapuram,Thiruvananthapuram City,Thiruvananthapuram,Thiruvananthapuram Central,Arannoor,Win
Thiruvananthapuram,Thiruvananthapuram City,Nemom,Nemom,Mudavanmugal,NA
Thiruvananthapuram,Thiruvananthapuram City,Nemom,Nemom,Estate,Win
Thiruvananthapuram,Thiruvananthapuram City,Nemom,Nemom,Nemom,Win
Thiruvananthapuram,Thiruvananthapuram City,Nemom,Nemom,Ponnumangalam,Win
Thiruvananthapuram,Thiruvananthapuram City,Nemom,Nemom,Melamcode,Win
Thiruvananthapuram,Thiruvananthapuram City,Nemom,Nemom,Pappanamcode,Win
Thiruvananthapuram,Thiruvananthapuram City,Nemom,Nemom,Karamana,Win
Thiruvananthapuram,Thiruvananthapuram City,Nemom,Attukal,Nedumcaud,Win
Thiruvananthapuram,Thiruvananthapuram City,Nemom,Attukal,Kaladi,Win
Thiruvananthapuram,Thiruvananthapuram City,Nemom,Nemom,Karumom,Win
Thiruvananthapuram,Thiruvananthapuram City,Nemom,Nemom,Punchakkari,NA
Thiruvananthapuram,Thiruvananthapuram City,Nemom,Attukal,Poonkulam,NA
Thiruvananthapuram,Thiruvananthapuram City,Kovalam,Kovalam,Venganoor,NA
Thiruvananthapuram,Thiruvananthapuram City,Kovalam,Kovalam,Port Ward,NA
Thiruvananthapuram,Thiruvananthapuram City,Kovalam,Kovalam,Vizhinjam,NA
Thiruvananthapuram,Thiruvananthapuram City,Kovalam,Kovalam,Harbour,NA
Thiruvananthapuram,Thiruvananthapuram City,Nemom,Attukal,Vellar,Win
Thiruvananthapuram,Thiruvananthapuram City,Nemom,Attukal,Thiruvallam,Win
Thiruvananthapuram,Thiruvananthapuram City,Thiruvananthapuram,Thiruvananthapuram West,Poonthura,NA
Thiruvananthapuram,Thiruvananthapuram City,Thiruvananthapuram,Thiruvananthapuram West,Puthenppalli,NA
Thiruvananthapuram,Thiruvananthapuram City,Nemom,Attukal,Ambalathara,NA
Thiruvananthapuram,Thiruvananthapuram City,Nemom,Attukal,Attukal,Win
Thiruvananthapuram,Thiruvananthapuram City,Nemom,Attukal,Kalippankulam,NA
Thiruvananthapuram,Thiruvananthapuram City,Nemom,Attukal,Kamaleswaram,NA
Thiruvananthapuram,Thiruvananthapuram City,Thiruvananthapuram,Thiruvananthapuram West,Beemapalli,NA
Thiruvananthapuram,Thiruvananthapuram City,Thiruvananthapuram,Thiruvananthapuram West,Valiyathura,NA
Thiruvananthapuram,Thiruvananthapuram City,Thiruvananthapuram,Thiruvananthapuram West,Vallakkadavu,NA
Thiruvananthapuram,Thiruvananthapuram City,Thiruvananthapuram,Thiruvananthapuram West,Sreevaraham,Win
Thiruvananthapuram,Thiruvananthapuram City,Thiruvananthapuram,Thiruvananthapuram Central,Manacaud,Win
Thiruvananthapuram,Thiruvananthapuram City,Thiruvananthapuram,Thiruvananthapuram Central,Chalai,Win
Thiruvananthapuram,Thiruvananthapuram City,Thiruvananthapuram,Thiruvananthapuram Central,Fort,Win
Thiruvananthapuram,Thiruvananthapuram City,Thiruvananthapuram,Thiruvananthapuram Central,Perunthanni,Win
Thiruvananthapuram,Thiruvananthapuram City,Thiruvananthapuram,Thiruvananthapuram Central,Sreekanteswaram,Win
Thiruvananthapuram,Thiruvananthapuram City,Thiruvananthapuram,Thiruvananthapuram Central,Thampanoor,NA
Thiruvananthapuram,Thiruvananthapuram City,Thiruvananthapuram,Thiruvananthapuram Central,Vanchiyoor,Win
Thiruvananthapuram,Thiruvananthapuram City,Vattiyoorkavu,Pattom,Kannammoola,NA
Thiruvananthapuram,Thiruvananthapuram City,Thiruvananthapuram,Thiruvananthapuram West,Pettah,NA
Thiruvananthapuram,Thiruvananthapuram City,Thiruvananthapuram,Thiruvananthapuram West,Chackai,NA
Thiruvananthapuram,Thiruvananthapuram City,Thiruvananthapuram,Thiruvananthapuram West,Vettukadu,NA
Thiruvananthapuram,Thiruvananthapuram City,Kazhakkoottam,Ulloor,Karikkakam,Win
Thiruvananthapuram,Thiruvananthapuram City,Kazhakkoottam,Ulloor,Kadakampally,NA
Thiruvananthapuram,Thiruvananthapuram City,Kazhakkoottam,Ulloor,Anamugham,NA
Thiruvananthapuram,Thiruvananthapuram City,Kazhakkoottam,Ulloor,Akkulam,NA
Thiruvananthapuram,Thiruvananthapuram City,Kazhakkoottam,Ulloor,Cheruvaikkal,Win
Thiruvananthapuram,Thiruvananthapuram City,Kazhakkoottam,Ulloor,Alathara,NA
Thiruvananthapuram,Thiruvananthapuram City,Kazhakkoottam,Ulloor,Kuzhivila,NA
Thiruvananthapuram,Thiruvananthapuram City,Kazhakkoottam,Ulloor,Poundkadavu,NA
Thiruvananthapuram,Thiruvananthapuram City,Kazhakkoottam,Ulloor,Kulathoor,NA
Thiruvananthapuram,Thiruvananthapuram City,Kazhakkoottam,Ulloor,Attipra,Win
Thiruvananthapuram,Thiruvananthapuram City,Kazhakkoottam,Ulloor,Pallithura,NA
Ernakulam,Thrissur City,Thrissur,Thrissur West,Poonkunnam,Win
Ernakulam,Thrissur City,Thrissur,Thrissur West,Kuttankulangara,Win
Ernakulam,Thrissur City,Thrissur,Thrissur West,Patturaikal,Win
Ernakulam,Thrissur City,Thrissur,Thrissur West,Viyyur,Win
Ernakulam,Thrissur City,Thrissur,Thrissur West,Peringavu,NA
Ernakulam,Thrissur City,Thrissur,Thrissur West,Ramavarmapuram,NA
Ernakulam,Thrissur City,Thrissur,Thrissur East,Kuttumukku,Win
Ernakulam,Thrissur City,Thrissur,Thrissur West,Villadam,Win
Ernakulam,Thrissur City,Thrissur,Thrissur East,Cheroor,Win
Ernakulam,Thrissur City,Thrissur,Thrissur East,Gandhi Nagar,Win
Ernakulam,Thrissur City,Thrissur,Thrissur East,Mukkattukara,Win
Ernakulam,Thrissur City,Thrissur,Thrissur East,Nettissery,Win
Ernakulam,Thrissur City,Ollur,Ollur,Mullakkara,NA
Ernakulam,Thrissur City,Ollur,Ollur,Mannuthy,NA
Ernakulam,Thrissur City,Thrissur,Thrissur East,Ollukkara,Win
Ernakulam,Thrissur City,Thrissur,Thrissur East,Krishnapuram,Win
Ernakulam,Thrissur City,Thrissur,Thrissur East,Kuttanellur,Win
Ernakulam,Thrissur City,Thrissur,Thrissur East,Chelakkottukara,NA
Ernakulam,Thrissur City,Thrissur,Thrissur East,Kalathode,NA
Ernakulam,Thrissur City,Thrissur,Thrissur East,Paravattany,NA
Ernakulam,Thrissur City,Thrissur,Thrissur East,Kizhakkumpattukara,NA
Ernakulam,Thrissur City,Thrissur,Thrissur East,Chembukavu,Win
Ernakulam,Thrissur City,Thrissur,Thrissur East,Mission Quarters,NA
Ernakulam,Thrissur City,Ollur,Ollur,Kuriachira,NA
Ernakulam,Thrissur City,Ollur,Ollur,Valarkavu,NA
Ernakulam,Thrissur City,Ollur,Ollur,Anchery,NA
Ernakulam,Thrissur City,Ollur,Ollur,Padavaradu,NA
Ernakulam,Thrissur City,Ollur,Ollur,Ollur Centre,Win
Ernakulam,Thrissur City,Ollur,Ollur,Edakkunny,Win
Ernakulam,Thrissur City,Ollur,Ollur,Thaikattussery,Win
Ernakulam,Thrissur City,Ollur,Ollur,Ollur,Win
Ernakulam,Thrissur City,Ollur,Ollur,Chiyyaram,NA
Ernakulam,Thrissur City,Ollur,Ollur,Chiyyaram South,NA
Ernakulam,Thrissur City,Thrissur,Thrissur East,Kuriyachira West,NA
Ernakulam,Thrissur City,Thrissur,Thrissur East,Kannamkulangara,Win
Ernakulam,Thrissur City,Thrissur,Thrissur West,Thekkinkadu,Win
Ernakulam,Thrissur City,Thrissur,Thrissur West,Thiruvambadi,Win
Ernakulam,Thrissur City,Thrissur,Thrissur West,Kottappuram,Win
Ernakulam,Thrissur City,Thrissur,Thrissur West,Poothole,Win
Ernakulam,Thrissur City,Thrissur,Thrissur East,Kokkalai,Win
Ernakulam,Thrissur City,Thrissur,Thrissur East,Vadookara,Win
Ernakulam,Thrissur City,Ollur,Ollur,Koorkanchery,NA
Ernakulam,Thrissur City,Ollur,Ollur,Kanimangalam,Win
Ernakulam,Thrissur City,Ollur,Ollur,Panamukku,NA
Ernakulam,Thrissur City,Ollur,Ollur,Nedupuzha,NA
Ernakulam,Thrissur City,Thrissur,Thrissur West,Kariattukara,Win
Ernakulam,Thrissur City,Thrissur,Thrissur West,Laloor,NA
Ernakulam,Thrissur City,Thrissur,Thrissur West,Aranattukara,NA
Ernakulam,Thrissur City,Thrissur,Thrissur West,Kanattukara,Win
Ernakulam,Thrissur City,Thrissur,Thrissur West,Ayyanthole,Win
Ernakulam,Thrissur City,Thrissur,Thrissur West,Civil Station,Win
Ernakulam,Thrissur City,Thrissur,Thrissur West,Olari,NA
Ernakulam,Thrissur City,Thrissur,Thrissur West,Elthuruth,Win
Ernakulam,Thrissur City,Thrissur,Thrissur West,Chettupuzha,Win
Ernakulam,Thrissur City,Thrissur,Thrissur West,Pullazhi,Win
Ernakulam,Thrissur City,Thrissur,Thrissur West,Puthoorkara,Win